2025-12-08 21:36:54,810 [Worker-7: Loading available Gradle versions] INFO  c.g.t.t.d.PublishedGradleVersions - Gradle version information cache is up-to-date. Trying to read.
2025-12-08 21:39:50,168 [Worker-5: Importing Maven projects] INFO  o.e.m.c.i.l.LifecycleMappingFactory - Using org.eclipse.m2e.jdt.JarLifecycleMapping lifecycle mapping for MavenProject: com.example:Thread_Per_Request1:0.0.1-SNAPSHOT @ D:\Workspace\Virtual_Threads\Thread_Per_Request1\pom.xml.
2025-12-08 21:39:51,670 [Worker-5: Importing Maven projects] INFO  o.e.m.j.i.AbstractJavaProjectConfigurator - Adding source folder /Thread_Per_Request1/src/main/java
2025-12-08 21:39:51,671 [Worker-5: Importing Maven projects] INFO  o.e.m.j.i.AbstractJavaProjectConfigurator - Adding resource folder /Thread_Per_Request1/src/main/resources
2025-12-08 21:39:51,684 [Worker-5: Importing Maven projects] INFO  o.e.m.j.i.AbstractJavaProjectConfigurator - Adding resource folder /Thread_Per_Request1/src/main/resources
2025-12-08 21:39:51,695 [Worker-5: Importing Maven projects] INFO  o.e.m.j.i.AbstractJavaProjectConfigurator - Adding source folder /Thread_Per_Request1/src/test/java
2025-12-08 21:39:52,784 [Worker-5: Importing Maven projects] INFO  o.e.m.c.i.p.ProjectConfigurationManager - Imported and configured 1 project(s) in 4 sec
2025-12-08 21:39:53,911 [Worker-3: Building workspace] INFO  o.a.m.s.f.DefaultMavenResourcesFiltering - Copying 1 resource from src\main\resources to target\classes
2025-12-08 21:39:53,955 [Worker-3: Building workspace] INFO  o.a.m.s.f.DefaultMavenResourcesFiltering - Copying 0 resource from src\main\resources to target\classes
2025-12-08 21:39:53,958 [Worker-3: Building workspace] INFO  o.a.m.s.f.DefaultMavenResourcesFiltering - skip non existing resourceDirectory D:\Workspace\Virtual_Threads\Thread_Per_Request1\src\test\resources
2025-12-08 21:40:08,988 [Worker-11: Importing Maven projects] INFO  o.e.m.c.i.l.LifecycleMappingFactory - Using org.eclipse.m2e.jdt.JarLifecycleMapping lifecycle mapping for MavenProject: com.example:Thread_Per_Request2:0.0.1-SNAPSHOT @ D:\Workspace\Virtual_Threads\Thread_Per_Request2\pom.xml.
2025-12-08 21:40:09,814 [Worker-11: Importing Maven projects] INFO  o.e.m.j.i.AbstractJavaProjectConfigurator - Adding source folder /Thread_Per_Request2/src/main/java
2025-12-08 21:40:09,815 [Worker-11: Importing Maven projects] INFO  o.e.m.j.i.AbstractJavaProjectConfigurator - Adding resource folder /Thread_Per_Request2/src/main/resources
2025-12-08 21:40:09,825 [Worker-11: Importing Maven projects] INFO  o.e.m.j.i.AbstractJavaProjectConfigurator - Adding resource folder /Thread_Per_Request2/src/main/resources
2025-12-08 21:40:09,840 [Worker-11: Importing Maven projects] INFO  o.e.m.j.i.AbstractJavaProjectConfigurator - Adding source folder /Thread_Per_Request2/src/test/java
2025-12-08 21:40:10,093 [Worker-11: Importing Maven projects] INFO  o.e.m.c.i.p.ProjectConfigurationManager - Imported and configured 1 project(s) in 1 sec
2025-12-08 21:40:11,270 [Worker-3: Building workspace] INFO  o.a.m.s.f.DefaultMavenResourcesFiltering - Copying 1 resource from src\main\resources to target\classes
2025-12-08 21:40:11,288 [Worker-3: Building workspace] INFO  o.a.m.s.f.DefaultMavenResourcesFiltering - Copying 0 resource from src\main\resources to target\classes
2025-12-08 21:40:11,290 [Worker-3: Building workspace] INFO  o.a.m.s.f.DefaultMavenResourcesFiltering - skip non existing resourceDirectory D:\Workspace\Virtual_Threads\Thread_Per_Request2\src\test\resources
2025-12-08 21:41:00,637 [Worker-11: Building workspace] INFO  o.e.m.c.i.l.LifecycleMappingFactory - Using org.eclipse.m2e.jdt.JarLifecycleMapping lifecycle mapping for MavenProject: com.example:Thread_Per_Request1:0.0.1-SNAPSHOT @ D:\Workspace\Virtual_Threads\Thread_Per_Request1\pom.xml.
2025-12-08 21:41:06,069 [Worker-11: Building workspace] INFO  o.e.m.c.i.l.LifecycleMappingFactory - Using org.eclipse.m2e.jdt.JarLifecycleMapping lifecycle mapping for MavenProject: com.example:Thread_Per_Request2:0.0.1-SNAPSHOT @ D:\Workspace\Virtual_Threads\Thread_Per_Request2\pom.xml.
2025-12-08 21:41:45,757 [Worker-14: Building workspace] INFO  o.e.m.c.i.l.LifecycleMappingFactory - Using org.eclipse.m2e.jdt.JarLifecycleMapping lifecycle mapping for MavenProject: com.example:Thread_Per_Request1:0.0.1-SNAPSHOT @ D:\Workspace\Virtual_Threads\Thread_Per_Request1\pom.xml.
2025-12-08 21:42:30,734 [Worker-15: Building workspace] INFO  o.e.m.c.i.l.LifecycleMappingFactory - Using org.eclipse.m2e.jdt.JarLifecycleMapping lifecycle mapping for MavenProject: com.example:Thread_Per_Request1:0.0.1-SNAPSHOT @ D:\Workspace\Virtual_Threads\Thread_Per_Request1\pom.xml.
2025-12-08 21:42:37,381 [Worker-16: Building workspace] INFO  o.e.m.c.i.l.LifecycleMappingFactory - Using org.eclipse.m2e.jdt.JarLifecycleMapping lifecycle mapping for MavenProject: com.example:Thread_Per_Request1:0.0.1-SNAPSHOT @ D:\Workspace\Virtual_Threads\Thread_Per_Request1\pom.xml.
2025-12-08 21:42:39,095 [Worker-5: Building workspace] INFO  o.e.m.c.i.l.LifecycleMappingFactory - Using org.eclipse.m2e.jdt.JarLifecycleMapping lifecycle mapping for MavenProject: com.example:Thread_Per_Request1:0.0.1-SNAPSHOT @ D:\Workspace\Virtual_Threads\Thread_Per_Request1\pom.xml.
2025-12-08 21:42:39,684 [Worker-5: Building workspace] INFO  o.e.m.c.i.embedder.EclipseLogger - Using 'UTF-8' encoding to copy filtered resources.
2025-12-08 21:42:39,687 [Worker-5: Building workspace] INFO  o.e.m.c.i.embedder.EclipseLogger - Copying 0 resource
2025-12-08 21:42:39,688 [Worker-5: Building workspace] INFO  o.e.m.c.i.embedder.EclipseLogger - Copying 0 resource
2025-12-08 21:42:39,690 [Worker-5: Building workspace] INFO  o.e.m.c.i.embedder.EclipseLogger - Using 'UTF-8' encoding to copy filtered resources.
2025-12-08 21:42:39,690 [Worker-5: Building workspace] INFO  o.e.m.c.i.embedder.EclipseLogger - skip non existing resourceDirectory D:\Workspace\Virtual_Threads\Thread_Per_Request1\src\test\resources
2025-12-08 21:42:41,938 [Worker-14: Building workspace] INFO  o.e.m.c.i.embedder.EclipseLogger - Using 'UTF-8' encoding to copy filtered resources.
2025-12-08 21:42:41,941 [Worker-14: Building workspace] INFO  o.e.m.c.i.embedder.EclipseLogger - Copying 1 resource
2025-12-08 21:42:41,965 [Worker-14: Building workspace] INFO  o.e.m.c.i.embedder.EclipseLogger - Copying 0 resource
2025-12-08 21:42:41,968 [Worker-14: Building workspace] INFO  o.e.m.c.i.embedder.EclipseLogger - Using 'UTF-8' encoding to copy filtered resources.
2025-12-08 21:42:41,968 [Worker-14: Building workspace] INFO  o.e.m.c.i.embedder.EclipseLogger - skip non existing resourceDirectory D:\Workspace\Virtual_Threads\Thread_Per_Request1\src\test\resources
2025-12-08 21:43:04,931 [Worker-15: Building workspace] INFO  o.e.m.c.i.l.LifecycleMappingFactory - Using org.eclipse.m2e.jdt.JarLifecycleMapping lifecycle mapping for MavenProject: com.example:Thread_Per_Request2:0.0.1-SNAPSHOT @ D:\Workspace\Virtual_Threads\Thread_Per_Request2\pom.xml.
2025-12-08 21:43:05,290 [Worker-15: Building workspace] INFO  o.e.m.c.i.embedder.EclipseLogger - Using 'UTF-8' encoding to copy filtered resources.
2025-12-08 21:43:05,290 [Worker-15: Building workspace] INFO  o.e.m.c.i.embedder.EclipseLogger - Copying 0 resource
2025-12-08 21:43:05,290 [Worker-15: Building workspace] INFO  o.e.m.c.i.embedder.EclipseLogger - Copying 0 resource
2025-12-08 21:43:05,291 [Worker-15: Building workspace] INFO  o.e.m.c.i.embedder.EclipseLogger - Using 'UTF-8' encoding to copy filtered resources.
2025-12-08 21:43:05,292 [Worker-15: Building workspace] INFO  o.e.m.c.i.embedder.EclipseLogger - skip non existing resourceDirectory D:\Workspace\Virtual_Threads\Thread_Per_Request2\src\test\resources
2025-12-08 21:43:07,232 [Worker-11: Building workspace] INFO  o.e.m.c.i.embedder.EclipseLogger - Using 'UTF-8' encoding to copy filtered resources.
2025-12-08 21:43:07,233 [Worker-11: Building workspace] INFO  o.e.m.c.i.embedder.EclipseLogger - Copying 1 resource
2025-12-08 21:43:07,239 [Worker-11: Building workspace] INFO  o.e.m.c.i.embedder.EclipseLogger - Copying 0 resource
2025-12-08 21:43:07,242 [Worker-11: Building workspace] INFO  o.e.m.c.i.embedder.EclipseLogger - Using 'UTF-8' encoding to copy filtered resources.
2025-12-08 21:43:07,242 [Worker-11: Building workspace] INFO  o.e.m.c.i.embedder.EclipseLogger - skip non existing resourceDirectory D:\Workspace\Virtual_Threads\Thread_Per_Request2\src\test\resources
2025-12-08 21:43:41,165 [Worker-17: Building workspace] INFO  o.e.m.c.i.embedder.EclipseLogger - Using 'UTF-8' encoding to copy filtered resources.
2025-12-08 21:43:41,167 [Worker-17: Building workspace] INFO  o.e.m.c.i.embedder.EclipseLogger - Copying 1 resource
2025-12-08 21:43:41,174 [Worker-17: Building workspace] INFO  o.e.m.c.i.embedder.EclipseLogger - Copying 0 resource
2025-12-08 21:43:41,176 [Worker-17: Building workspace] INFO  o.e.m.c.i.embedder.EclipseLogger - Using 'UTF-8' encoding to copy filtered resources.
2025-12-08 21:43:41,176 [Worker-17: Building workspace] INFO  o.e.m.c.i.embedder.EclipseLogger - skip non existing resourceDirectory D:\Workspace\Virtual_Threads\Thread_Per_Request1\src\test\resources
2025-12-08 21:45:16,233 [Worker-3: Building workspace] INFO  o.e.m.c.i.embedder.EclipseLogger - Using 'UTF-8' encoding to copy filtered resources.
2025-12-08 21:45:16,233 [Worker-3: Building workspace] INFO  o.e.m.c.i.embedder.EclipseLogger - Copying 1 resource
2025-12-08 21:45:16,238 [Worker-3: Building workspace] INFO  o.e.m.c.i.embedder.EclipseLogger - Copying 0 resource
2025-12-08 21:45:16,239 [Worker-3: Building workspace] INFO  o.e.m.c.i.embedder.EclipseLogger - Using 'UTF-8' encoding to copy filtered resources.
2025-12-08 21:45:16,240 [Worker-3: Building workspace] INFO  o.e.m.c.i.embedder.EclipseLogger - skip non existing resourceDirectory D:\Workspace\Virtual_Threads\Thread_Per_Request1\src\test\resources
2025-12-08 21:45:31,939 [Worker-3: Resolving model org.eclipse.recommenders:index::zip:0.0.0] WARN  o.e.r.models.ModelRepository - Failed to download org.eclipse.recommenders:index::zip:0.0.0
org.eclipse.aether.resolution.ArtifactResolutionException: Could not find artifact org.eclipse.recommenders:index:zip:0.0.0-SNAPSHOT in models (http://download.eclipse.org/recommenders/models/photon/)
	at org.eclipse.aether.internal.impl.DefaultArtifactResolver.resolve(DefaultArtifactResolver.java:453) ~[na:na]
	at org.eclipse.aether.internal.impl.DefaultArtifactResolver.resolveArtifacts(DefaultArtifactResolver.java:255) ~[na:na]
	at org.eclipse.aether.internal.impl.DefaultArtifactResolver.resolveArtifact(DefaultArtifactResolver.java:232) ~[na:na]
	at org.eclipse.aether.internal.impl.DefaultRepositorySystem.resolveArtifact(DefaultRepositorySystem.java:303) ~[na:na]
	at org.eclipse.recommenders.models.ModelRepository.resolveInternal(ModelRepository.java:193) [org.eclipse.recommenders.models_2.5.3.v20180609-1554.jar:na]
	at org.eclipse.recommenders.models.ModelRepository.resolve(ModelRepository.java:172) [org.eclipse.recommenders.models_2.5.3.v20180609-1554.jar:na]
	at org.eclipse.recommenders.internal.models.rcp.EclipseModelRepository.resolve(EclipseModelRepository.java:168) [org.eclipse.recommenders.models.rcp_2.5.3.v20180609-1554.jar:na]
	at org.eclipse.recommenders.internal.models.rcp.DownloadModelArchiveJob.run(DownloadModelArchiveJob.java:76) [org.eclipse.recommenders.models.rcp_2.5.3.v20180609-1554.jar:na]
	at org.eclipse.core.internal.jobs.Worker.run(Worker.java:60) [org.eclipse.core.jobs_3.10.0.v20180427-1454.jar:na]
Caused by: org.eclipse.aether.transfer.ArtifactNotFoundException: Could not find artifact org.eclipse.recommenders:index:zip:0.0.0-SNAPSHOT in models (http://download.eclipse.org/recommenders/models/photon/)
	at org.eclipse.aether.connector.basic.ArtifactTransportListener.transferFailed(ArtifactTransportListener.java:48) ~[org.apache.maven.resolver.connector.basic_1.0.3.v20170405-0725.jar:1.0.3]
	at org.eclipse.aether.connector.basic.BasicRepositoryConnector$TaskRunner.run(BasicRepositoryConnector.java:364) ~[org.apache.maven.resolver.connector.basic_1.0.3.v20170405-0725.jar:1.0.3]
	at org.eclipse.aether.util.concurrency.RunnableErrorForwarder$1.run(RunnableErrorForwarder.java:76) ~[na:na]
	at org.eclipse.aether.connector.basic.BasicRepositoryConnector$DirectExecutor.execute(BasicRepositoryConnector.java:590) ~[org.apache.maven.resolver.connector.basic_1.0.3.v20170405-0725.jar:1.0.3]
	at org.eclipse.aether.connector.basic.BasicRepositoryConnector.get(BasicRepositoryConnector.java:258) ~[org.apache.maven.resolver.connector.basic_1.0.3.v20170405-0725.jar:1.0.3]
	at org.eclipse.aether.internal.impl.DefaultArtifactResolver.performDownloads(DefaultArtifactResolver.java:529) ~[na:na]
	at org.eclipse.aether.internal.impl.DefaultArtifactResolver.resolve(DefaultArtifactResolver.java:430) ~[na:na]
	... 8 common frames omitted
2025-12-08 21:46:52,667 [Worker-14: Building workspace] INFO  o.e.m.c.i.embedder.EclipseLogger - Using 'UTF-8' encoding to copy filtered resources.
2025-12-08 21:46:52,668 [Worker-14: Building workspace] INFO  o.e.m.c.i.embedder.EclipseLogger - Copying 1 resource
2025-12-08 21:46:52,672 [Worker-14: Building workspace] INFO  o.e.m.c.i.embedder.EclipseLogger - Copying 0 resource
2025-12-08 21:46:52,673 [Worker-14: Building workspace] INFO  o.e.m.c.i.embedder.EclipseLogger - Using 'UTF-8' encoding to copy filtered resources.
2025-12-08 21:46:52,673 [Worker-14: Building workspace] INFO  o.e.m.c.i.embedder.EclipseLogger - skip non existing resourceDirectory D:\Workspace\Virtual_Threads\Thread_Per_Request1\src\test\resources
2025-12-08 21:48:30,894 [Worker-18: Building workspace] INFO  o.e.m.c.i.embedder.EclipseLogger - Using 'UTF-8' encoding to copy filtered resources.
2025-12-08 21:48:30,896 [Worker-18: Building workspace] INFO  o.e.m.c.i.embedder.EclipseLogger - Copying 1 resource
2025-12-08 21:48:30,914 [Worker-18: Building workspace] INFO  o.e.m.c.i.embedder.EclipseLogger - Copying 0 resource
2025-12-08 21:48:30,917 [Worker-18: Building workspace] INFO  o.e.m.c.i.embedder.EclipseLogger - Using 'UTF-8' encoding to copy filtered resources.
2025-12-08 21:48:30,917 [Worker-18: Building workspace] INFO  o.e.m.c.i.embedder.EclipseLogger - skip non existing resourceDirectory D:\Workspace\Virtual_Threads\Thread_Per_Request1\src\test\resources
2025-12-08 21:49:33,245 [Worker-14: Building workspace] INFO  o.e.m.c.i.embedder.EclipseLogger - Using 'UTF-8' encoding to copy filtered resources.
2025-12-08 21:49:33,248 [Worker-14: Building workspace] INFO  o.e.m.c.i.embedder.EclipseLogger - Copying 1 resource
2025-12-08 21:49:33,256 [Worker-14: Building workspace] INFO  o.e.m.c.i.embedder.EclipseLogger - Copying 0 resource
2025-12-08 21:49:33,258 [Worker-14: Building workspace] INFO  o.e.m.c.i.embedder.EclipseLogger - Using 'UTF-8' encoding to copy filtered resources.
2025-12-08 21:49:33,258 [Worker-14: Building workspace] INFO  o.e.m.c.i.embedder.EclipseLogger - skip non existing resourceDirectory D:\Workspace\Virtual_Threads\Thread_Per_Request1\src\test\resources
2025-12-08 21:50:51,891 [Worker-14: Building workspace] INFO  o.e.m.c.i.embedder.EclipseLogger - Using 'UTF-8' encoding to copy filtered resources.
2025-12-08 21:50:51,892 [Worker-14: Building workspace] INFO  o.e.m.c.i.embedder.EclipseLogger - Copying 1 resource
2025-12-08 21:50:51,906 [Worker-14: Building workspace] INFO  o.e.m.c.i.embedder.EclipseLogger - Copying 0 resource
2025-12-08 21:50:51,908 [Worker-14: Building workspace] INFO  o.e.m.c.i.embedder.EclipseLogger - Using 'UTF-8' encoding to copy filtered resources.
2025-12-08 21:50:51,908 [Worker-14: Building workspace] INFO  o.e.m.c.i.embedder.EclipseLogger - skip non existing resourceDirectory D:\Workspace\Virtual_Threads\Thread_Per_Request2\src\test\resources
2025-12-08 21:52:19,179 [Worker-19: Building workspace] INFO  o.e.m.c.i.embedder.EclipseLogger - Using 'UTF-8' encoding to copy filtered resources.
2025-12-08 21:52:19,180 [Worker-19: Building workspace] INFO  o.e.m.c.i.embedder.EclipseLogger - Copying 1 resource
2025-12-08 21:52:19,184 [Worker-19: Building workspace] INFO  o.e.m.c.i.embedder.EclipseLogger - Copying 0 resource
2025-12-08 21:52:19,186 [Worker-19: Building workspace] INFO  o.e.m.c.i.embedder.EclipseLogger - Using 'UTF-8' encoding to copy filtered resources.
2025-12-08 21:52:19,187 [Worker-19: Building workspace] INFO  o.e.m.c.i.embedder.EclipseLogger - skip non existing resourceDirectory D:\Workspace\Virtual_Threads\Thread_Per_Request2\src\test\resources
2025-12-08 21:53:10,970 [Worker-19: Building workspace] INFO  o.e.m.c.i.embedder.EclipseLogger - Using 'UTF-8' encoding to copy filtered resources.
2025-12-08 21:53:10,970 [Worker-19: Building workspace] INFO  o.e.m.c.i.embedder.EclipseLogger - Copying 1 resource
2025-12-08 21:53:10,976 [Worker-19: Building workspace] INFO  o.e.m.c.i.embedder.EclipseLogger - Copying 0 resource
2025-12-08 21:53:10,978 [Worker-19: Building workspace] INFO  o.e.m.c.i.embedder.EclipseLogger - Using 'UTF-8' encoding to copy filtered resources.
2025-12-08 21:53:10,978 [Worker-19: Building workspace] INFO  o.e.m.c.i.embedder.EclipseLogger - skip non existing resourceDirectory D:\Workspace\Virtual_Threads\Thread_Per_Request2\src\test\resources
2025-12-08 21:58:10,684 [Worker-14: Building workspace] INFO  o.e.m.c.i.embedder.EclipseLogger - Using 'UTF-8' encoding to copy filtered resources.
2025-12-08 21:58:10,685 [Worker-14: Building workspace] INFO  o.e.m.c.i.embedder.EclipseLogger - Copying 1 resource
2025-12-08 21:58:10,690 [Worker-14: Building workspace] INFO  o.e.m.c.i.embedder.EclipseLogger - Copying 0 resource
2025-12-08 21:58:10,692 [Worker-14: Building workspace] INFO  o.e.m.c.i.embedder.EclipseLogger - Using 'UTF-8' encoding to copy filtered resources.
2025-12-08 21:58:10,692 [Worker-14: Building workspace] INFO  o.e.m.c.i.embedder.EclipseLogger - skip non existing resourceDirectory D:\Workspace\Virtual_Threads\Thread_Per_Request1\src\test\resources
2025-12-08 21:58:15,724 [Worker-14: Building workspace] INFO  o.e.m.c.i.embedder.EclipseLogger - Using 'UTF-8' encoding to copy filtered resources.
2025-12-08 21:58:15,725 [Worker-14: Building workspace] INFO  o.e.m.c.i.embedder.EclipseLogger - Copying 1 resource
2025-12-08 21:58:15,730 [Worker-14: Building workspace] INFO  o.e.m.c.i.embedder.EclipseLogger - Copying 0 resource
2025-12-08 21:58:15,732 [Worker-14: Building workspace] INFO  o.e.m.c.i.embedder.EclipseLogger - Using 'UTF-8' encoding to copy filtered resources.
2025-12-08 21:58:15,732 [Worker-14: Building workspace] INFO  o.e.m.c.i.embedder.EclipseLogger - skip non existing resourceDirectory D:\Workspace\Virtual_Threads\Thread_Per_Request2\src\test\resources
2025-12-08 22:03:11,916 [Worker-3: Building workspace] INFO  o.e.m.c.i.embedder.EclipseLogger - Using 'UTF-8' encoding to copy filtered resources.
2025-12-08 22:03:11,916 [Worker-3: Building workspace] INFO  o.e.m.c.i.embedder.EclipseLogger - Copying 1 resource
2025-12-08 22:03:11,922 [Worker-3: Building workspace] INFO  o.e.m.c.i.embedder.EclipseLogger - Copying 0 resource
2025-12-08 22:03:11,924 [Worker-3: Building workspace] INFO  o.e.m.c.i.embedder.EclipseLogger - Using 'UTF-8' encoding to copy filtered resources.
2025-12-08 22:03:11,924 [Worker-3: Building workspace] INFO  o.e.m.c.i.embedder.EclipseLogger - skip non existing resourceDirectory D:\Workspace\Virtual_Threads\Thread_Per_Request1\src\test\resources
2025-12-08 22:04:32,916 [Worker-3: Building workspace] INFO  o.e.m.c.i.embedder.EclipseLogger - Using 'UTF-8' encoding to copy filtered resources.
2025-12-08 22:04:32,917 [Worker-3: Building workspace] INFO  o.e.m.c.i.embedder.EclipseLogger - Copying 1 resource
2025-12-08 22:04:32,933 [Worker-3: Building workspace] INFO  o.e.m.c.i.embedder.EclipseLogger - Copying 0 resource
2025-12-08 22:04:32,936 [Worker-3: Building workspace] INFO  o.e.m.c.i.embedder.EclipseLogger - Using 'UTF-8' encoding to copy filtered resources.
2025-12-08 22:04:32,936 [Worker-3: Building workspace] INFO  o.e.m.c.i.embedder.EclipseLogger - skip non existing resourceDirectory D:\Workspace\Virtual_Threads\Thread_Per_Request2\src\test\resources
2025-12-08 22:06:14,595 [Worker-3: Building workspace] INFO  o.e.m.c.i.embedder.EclipseLogger - Using 'UTF-8' encoding to copy filtered resources.
2025-12-08 22:06:14,596 [Worker-3: Building workspace] INFO  o.e.m.c.i.embedder.EclipseLogger - Copying 1 resource
2025-12-08 22:06:14,603 [Worker-3: Building workspace] INFO  o.e.m.c.i.embedder.EclipseLogger - Copying 0 resource
2025-12-08 22:06:14,605 [Worker-3: Building workspace] INFO  o.e.m.c.i.embedder.EclipseLogger - Using 'UTF-8' encoding to copy filtered resources.
2025-12-08 22:06:14,605 [Worker-3: Building workspace] INFO  o.e.m.c.i.embedder.EclipseLogger - skip non existing resourceDirectory D:\Workspace\Virtual_Threads\Thread_Per_Request1\src\test\resources
2025-12-08 22:07:10,739 [Worker-16: Building workspace] INFO  o.e.m.c.i.embedder.EclipseLogger - Using 'UTF-8' encoding to copy filtered resources.
2025-12-08 22:07:10,739 [Worker-16: Building workspace] INFO  o.e.m.c.i.embedder.EclipseLogger - Copying 1 resource
2025-12-08 22:07:10,766 [Worker-16: Building workspace] INFO  o.e.m.c.i.embedder.EclipseLogger - Copying 0 resource
2025-12-08 22:07:10,768 [Worker-16: Building workspace] INFO  o.e.m.c.i.embedder.EclipseLogger - Using 'UTF-8' encoding to copy filtered resources.
2025-12-08 22:07:10,768 [Worker-16: Building workspace] INFO  o.e.m.c.i.embedder.EclipseLogger - skip non existing resourceDirectory D:\Workspace\Virtual_Threads\Thread_Per_Request1\src\test\resources
2025-12-08 22:08:59,578 [Worker-22: Building workspace] INFO  o.e.m.c.i.embedder.EclipseLogger - Using 'UTF-8' encoding to copy filtered resources.
2025-12-08 22:08:59,579 [Worker-22: Building workspace] INFO  o.e.m.c.i.embedder.EclipseLogger - Copying 1 resource
2025-12-08 22:08:59,585 [Worker-22: Building workspace] INFO  o.e.m.c.i.embedder.EclipseLogger - Copying 0 resource
2025-12-08 22:08:59,587 [Worker-22: Building workspace] INFO  o.e.m.c.i.embedder.EclipseLogger - Using 'UTF-8' encoding to copy filtered resources.
2025-12-08 22:08:59,587 [Worker-22: Building workspace] INFO  o.e.m.c.i.embedder.EclipseLogger - skip non existing resourceDirectory D:\Workspace\Virtual_Threads\Thread_Per_Request1\src\test\resources
2025-12-08 22:09:39,766 [Worker-24: Building workspace] INFO  o.e.m.c.i.embedder.EclipseLogger - Using 'UTF-8' encoding to copy filtered resources.
2025-12-08 22:09:39,767 [Worker-24: Building workspace] INFO  o.e.m.c.i.embedder.EclipseLogger - Copying 1 resource
2025-12-08 22:09:39,773 [Worker-24: Building workspace] INFO  o.e.m.c.i.embedder.EclipseLogger - Copying 0 resource
2025-12-08 22:09:39,774 [Worker-24: Building workspace] INFO  o.e.m.c.i.embedder.EclipseLogger - Using 'UTF-8' encoding to copy filtered resources.
2025-12-08 22:09:39,774 [Worker-24: Building workspace] INFO  o.e.m.c.i.embedder.EclipseLogger - skip non existing resourceDirectory D:\Workspace\Virtual_Threads\Thread_Per_Request1\src\test\resources
2025-12-08 22:14:34,204 [Worker-21: Building workspace] INFO  o.e.m.c.i.embedder.EclipseLogger - Using 'UTF-8' encoding to copy filtered resources.
2025-12-08 22:14:34,207 [Worker-21: Building workspace] INFO  o.e.m.c.i.embedder.EclipseLogger - Copying 1 resource
2025-12-08 22:14:34,238 [Worker-21: Building workspace] INFO  o.e.m.c.i.embedder.EclipseLogger - Copying 0 resource
2025-12-08 22:14:34,240 [Worker-21: Building workspace] INFO  o.e.m.c.i.embedder.EclipseLogger - Using 'UTF-8' encoding to copy filtered resources.
2025-12-08 22:14:34,240 [Worker-21: Building workspace] INFO  o.e.m.c.i.embedder.EclipseLogger - skip non existing resourceDirectory D:\Workspace\Virtual_Threads\Thread_Per_Request1\src\test\resources
2025-12-08 22:14:44,322 [Worker-3: Building workspace] INFO  o.e.m.c.i.embedder.EclipseLogger - Using 'UTF-8' encoding to copy filtered resources.
2025-12-08 22:14:44,323 [Worker-3: Building workspace] INFO  o.e.m.c.i.embedder.EclipseLogger - Copying 1 resource
2025-12-08 22:14:44,330 [Worker-3: Building workspace] INFO  o.e.m.c.i.embedder.EclipseLogger - Copying 0 resource
2025-12-08 22:14:44,331 [Worker-3: Building workspace] INFO  o.e.m.c.i.embedder.EclipseLogger - Using 'UTF-8' encoding to copy filtered resources.
2025-12-08 22:14:44,332 [Worker-3: Building workspace] INFO  o.e.m.c.i.embedder.EclipseLogger - skip non existing resourceDirectory D:\Workspace\Virtual_Threads\Thread_Per_Request2\src\test\resources
2025-12-09 22:24:51,654 [Worker-4: Loading available Gradle versions] INFO  c.g.t.t.d.PublishedGradleVersions - Gradle version information cache is up-to-date. Trying to read.
2025-12-09 22:24:57,464 [Worker-6: Building workspace] INFO  o.e.m.c.i.embedder.EclipseLogger - Using 'UTF-8' encoding to copy filtered resources.
2025-12-09 22:24:57,470 [Worker-6: Building workspace] INFO  o.e.m.c.i.embedder.EclipseLogger - Copying 1 resource
2025-12-09 22:24:57,529 [Worker-6: Building workspace] INFO  o.e.m.c.i.embedder.EclipseLogger - Copying 0 resource
2025-12-09 22:24:57,532 [Worker-6: Building workspace] INFO  o.e.m.c.i.embedder.EclipseLogger - Using 'UTF-8' encoding to copy filtered resources.
2025-12-09 22:24:57,532 [Worker-6: Building workspace] INFO  o.e.m.c.i.embedder.EclipseLogger - skip non existing resourceDirectory D:\Workspace\Virtual_Threads\Thread_Per_Request1\src\test\resources
2025-12-09 22:24:59,008 [Worker-6: Building workspace] INFO  o.e.m.c.i.embedder.EclipseLogger - Using 'UTF-8' encoding to copy filtered resources.
2025-12-09 22:24:59,009 [Worker-6: Building workspace] INFO  o.e.m.c.i.embedder.EclipseLogger - Copying 1 resource
2025-12-09 22:24:59,026 [Worker-6: Building workspace] INFO  o.e.m.c.i.embedder.EclipseLogger - Copying 0 resource
2025-12-09 22:24:59,028 [Worker-6: Building workspace] INFO  o.e.m.c.i.embedder.EclipseLogger - Using 'UTF-8' encoding to copy filtered resources.
2025-12-09 22:24:59,029 [Worker-6: Building workspace] INFO  o.e.m.c.i.embedder.EclipseLogger - skip non existing resourceDirectory D:\Workspace\Virtual_Threads\Thread_Per_Request2\src\test\resources
2025-12-09 22:27:47,077 [Worker-13: Importing Maven projects] INFO  o.e.m.c.i.l.LifecycleMappingFactory - Using org.eclipse.m2e.jdt.JarLifecycleMapping lifecycle mapping for MavenProject: com.example:VirtualThreadsDemo1:0.0.1-SNAPSHOT @ D:\Workspace\Virtual_Threads\VirtualThreadsDemo1\pom.xml.
2025-12-09 22:27:48,686 [Worker-13: Importing Maven projects] INFO  o.e.m.j.i.AbstractJavaProjectConfigurator - Adding source folder /VirtualThreadsDemo1/src/main/java
2025-12-09 22:27:48,687 [Worker-13: Importing Maven projects] INFO  o.e.m.j.i.AbstractJavaProjectConfigurator - Adding resource folder /VirtualThreadsDemo1/src/main/resources
2025-12-09 22:27:48,707 [Worker-13: Importing Maven projects] INFO  o.e.m.j.i.AbstractJavaProjectConfigurator - Adding resource folder /VirtualThreadsDemo1/src/main/resources
2025-12-09 22:27:48,726 [Worker-13: Importing Maven projects] INFO  o.e.m.j.i.AbstractJavaProjectConfigurator - Adding source folder /VirtualThreadsDemo1/src/test/java
2025-12-09 22:27:51,482 [Worker-13: Importing Maven projects] INFO  o.e.m.c.i.p.ProjectConfigurationManager - Imported and configured 1 project(s) in 6 sec
2025-12-09 22:28:08,171 [Worker-20: Building workspace] INFO  o.a.m.s.f.DefaultMavenResourcesFiltering - Copying 1 resource from src\main\resources to target\classes
2025-12-09 22:28:08,243 [Worker-20: Building workspace] INFO  o.a.m.s.f.DefaultMavenResourcesFiltering - Copying 0 resource from src\main\resources to target\classes
2025-12-09 22:28:08,255 [Worker-20: Building workspace] INFO  o.a.m.s.f.DefaultMavenResourcesFiltering - skip non existing resourceDirectory D:\Workspace\Virtual_Threads\VirtualThreadsDemo1\src\test\resources
2025-12-10 10:14:58,957 [Worker-6: Loading available Gradle versions] INFO  c.g.t.t.d.PublishedGradleVersions - Gradle version information cache is up-to-date. Trying to read.
2025-12-10 10:15:13,215 [Worker-7: Building workspace] INFO  o.e.m.c.i.embedder.EclipseLogger - Using 'UTF-8' encoding to copy filtered resources.
2025-12-10 10:15:13,215 [Worker-7: Building workspace] INFO  o.e.m.c.i.embedder.EclipseLogger - Copying 1 resource
2025-12-10 10:15:13,263 [Worker-7: Building workspace] INFO  o.e.m.c.i.embedder.EclipseLogger - Copying 0 resource
2025-12-10 10:15:13,279 [Worker-7: Building workspace] INFO  o.e.m.c.i.embedder.EclipseLogger - Using 'UTF-8' encoding to copy filtered resources.
2025-12-10 10:15:13,295 [Worker-7: Building workspace] INFO  o.e.m.c.i.embedder.EclipseLogger - skip non existing resourceDirectory D:\Workspace\Virtual_Threads\Thread_Per_Request1\src\test\resources
2025-12-10 10:15:15,802 [Worker-7: Building workspace] INFO  o.e.m.c.i.embedder.EclipseLogger - Using 'UTF-8' encoding to copy filtered resources.
2025-12-10 10:15:15,802 [Worker-7: Building workspace] INFO  o.e.m.c.i.embedder.EclipseLogger - Copying 1 resource
2025-12-10 10:15:15,818 [Worker-7: Building workspace] INFO  o.e.m.c.i.embedder.EclipseLogger - Copying 0 resource
2025-12-10 10:15:15,823 [Worker-7: Building workspace] INFO  o.e.m.c.i.embedder.EclipseLogger - Using 'UTF-8' encoding to copy filtered resources.
2025-12-10 10:15:15,823 [Worker-7: Building workspace] INFO  o.e.m.c.i.embedder.EclipseLogger - skip non existing resourceDirectory D:\Workspace\Virtual_Threads\Thread_Per_Request2\src\test\resources
2025-12-10 10:15:18,306 [Worker-7: Building workspace] INFO  o.a.m.s.f.DefaultMavenResourcesFiltering - Copying 1 resource from src\main\resources to target\classes
2025-12-10 10:15:18,354 [Worker-7: Building workspace] INFO  o.a.m.s.f.DefaultMavenResourcesFiltering - Copying 0 resource from src\main\resources to target\classes
2025-12-10 10:15:18,361 [Worker-7: Building workspace] INFO  o.a.m.s.f.DefaultMavenResourcesFiltering - skip non existing resourceDirectory D:\Workspace\Virtual_Threads\VirtualThreadsDemo1\src\test\resources
2025-12-10 10:31:59,936 [Worker-5: Building workspace] INFO  o.e.m.c.i.embedder.EclipseLogger - Using 'UTF-8' encoding to copy filtered resources.
2025-12-10 10:31:59,941 [Worker-5: Building workspace] INFO  o.e.m.c.i.embedder.EclipseLogger - Copying 0 resource
2025-12-10 10:31:59,941 [Worker-5: Building workspace] INFO  o.e.m.c.i.embedder.EclipseLogger - Copying 0 resource
2025-12-10 10:31:59,943 [Worker-5: Building workspace] INFO  o.e.m.c.i.embedder.EclipseLogger - Using 'UTF-8' encoding to copy filtered resources.
2025-12-10 10:31:59,944 [Worker-5: Building workspace] INFO  o.e.m.c.i.embedder.EclipseLogger - skip non existing resourceDirectory D:\Workspace\Virtual_Threads\Thread_Per_Request1\src\test\resources
2025-12-10 10:31:59,977 [Worker-5: Building workspace] INFO  o.e.m.c.i.embedder.EclipseLogger - Using 'UTF-8' encoding to copy filtered resources.
2025-12-10 10:31:59,978 [Worker-5: Building workspace] INFO  o.e.m.c.i.embedder.EclipseLogger - Copying 0 resource
2025-12-10 10:31:59,979 [Worker-5: Building workspace] INFO  o.e.m.c.i.embedder.EclipseLogger - Copying 0 resource
2025-12-10 10:31:59,980 [Worker-5: Building workspace] INFO  o.e.m.c.i.embedder.EclipseLogger - Using 'UTF-8' encoding to copy filtered resources.
2025-12-10 10:31:59,980 [Worker-5: Building workspace] INFO  o.e.m.c.i.embedder.EclipseLogger - skip non existing resourceDirectory D:\Workspace\Virtual_Threads\Thread_Per_Request2\src\test\resources
2025-12-10 10:32:00,009 [Worker-5: Building workspace] INFO  o.a.m.s.f.DefaultMavenResourcesFiltering - Copying 0 resource from src\main\resources to target\classes
2025-12-10 10:32:00,009 [Worker-5: Building workspace] INFO  o.a.m.s.f.DefaultMavenResourcesFiltering - Copying 0 resource from src\main\resources to target\classes
2025-12-10 10:32:00,012 [Worker-5: Building workspace] INFO  o.a.m.s.f.DefaultMavenResourcesFiltering - skip non existing resourceDirectory D:\Workspace\Virtual_Threads\VirtualThreadsDemo1\src\test\resources
2025-12-10 10:32:30,601 [Worker-21: Building workspace] INFO  o.e.m.c.i.embedder.EclipseLogger - Using 'UTF-8' encoding to copy filtered resources.
2025-12-10 10:32:30,601 [Worker-21: Building workspace] INFO  o.e.m.c.i.embedder.EclipseLogger - Copying 0 resource
2025-12-10 10:32:30,602 [Worker-21: Building workspace] INFO  o.e.m.c.i.embedder.EclipseLogger - Copying 0 resource
2025-12-10 10:32:30,604 [Worker-21: Building workspace] INFO  o.e.m.c.i.embedder.EclipseLogger - Using 'UTF-8' encoding to copy filtered resources.
2025-12-10 10:32:30,604 [Worker-21: Building workspace] INFO  o.e.m.c.i.embedder.EclipseLogger - skip non existing resourceDirectory D:\Workspace\Virtual_Threads\Thread_Per_Request1\src\test\resources
2025-12-10 10:32:30,624 [Worker-21: Building workspace] INFO  o.e.m.c.i.embedder.EclipseLogger - Using 'UTF-8' encoding to copy filtered resources.
2025-12-10 10:32:30,624 [Worker-21: Building workspace] INFO  o.e.m.c.i.embedder.EclipseLogger - Copying 0 resource
2025-12-10 10:32:30,624 [Worker-21: Building workspace] INFO  o.e.m.c.i.embedder.EclipseLogger - Copying 0 resource
2025-12-10 10:32:30,625 [Worker-21: Building workspace] INFO  o.e.m.c.i.embedder.EclipseLogger - Using 'UTF-8' encoding to copy filtered resources.
2025-12-10 10:32:30,625 [Worker-21: Building workspace] INFO  o.e.m.c.i.embedder.EclipseLogger - skip non existing resourceDirectory D:\Workspace\Virtual_Threads\Thread_Per_Request2\src\test\resources
2025-12-10 10:32:30,656 [Worker-21: Building workspace] INFO  o.a.m.s.f.DefaultMavenResourcesFiltering - Copying 0 resource from src\main\resources to target\classes
2025-12-10 10:32:30,656 [Worker-21: Building workspace] INFO  o.a.m.s.f.DefaultMavenResourcesFiltering - Copying 0 resource from src\main\resources to target\classes
2025-12-10 10:32:30,656 [Worker-21: Building workspace] INFO  o.a.m.s.f.DefaultMavenResourcesFiltering - skip non existing resourceDirectory D:\Workspace\Virtual_Threads\VirtualThreadsDemo1\src\test\resources
2025-12-10 10:33:44,275 [Worker-23: Building workspace] INFO  o.e.m.c.i.embedder.EclipseLogger - Using 'UTF-8' encoding to copy filtered resources.
2025-12-10 10:33:44,275 [Worker-23: Building workspace] INFO  o.e.m.c.i.embedder.EclipseLogger - Copying 0 resource
2025-12-10 10:33:44,275 [Worker-23: Building workspace] INFO  o.e.m.c.i.embedder.EclipseLogger - Copying 0 resource
2025-12-10 10:33:44,276 [Worker-23: Building workspace] INFO  o.e.m.c.i.embedder.EclipseLogger - Using 'UTF-8' encoding to copy filtered resources.
2025-12-10 10:33:44,276 [Worker-23: Building workspace] INFO  o.e.m.c.i.embedder.EclipseLogger - skip non existing resourceDirectory D:\Workspace\Virtual_Threads\Thread_Per_Request1\src\test\resources
2025-12-10 10:33:44,294 [Worker-23: Building workspace] INFO  o.e.m.c.i.embedder.EclipseLogger - Using 'UTF-8' encoding to copy filtered resources.
2025-12-10 10:33:44,294 [Worker-23: Building workspace] INFO  o.e.m.c.i.embedder.EclipseLogger - Copying 0 resource
2025-12-10 10:33:44,294 [Worker-23: Building workspace] INFO  o.e.m.c.i.embedder.EclipseLogger - Copying 0 resource
2025-12-10 10:33:44,297 [Worker-23: Building workspace] INFO  o.e.m.c.i.embedder.EclipseLogger - Using 'UTF-8' encoding to copy filtered resources.
2025-12-10 10:33:44,297 [Worker-23: Building workspace] INFO  o.e.m.c.i.embedder.EclipseLogger - skip non existing resourceDirectory D:\Workspace\Virtual_Threads\Thread_Per_Request2\src\test\resources
2025-12-10 10:33:44,315 [Worker-23: Building workspace] INFO  o.a.m.s.f.DefaultMavenResourcesFiltering - Copying 0 resource from src\main\resources to target\classes
2025-12-10 10:33:44,315 [Worker-23: Building workspace] INFO  o.a.m.s.f.DefaultMavenResourcesFiltering - Copying 0 resource from src\main\resources to target\classes
2025-12-10 10:33:44,316 [Worker-23: Building workspace] INFO  o.a.m.s.f.DefaultMavenResourcesFiltering - skip non existing resourceDirectory D:\Workspace\Virtual_Threads\VirtualThreadsDemo1\src\test\resources
2025-12-10 10:33:50,860 [Worker-25: Building workspace] INFO  o.a.m.s.f.DefaultMavenResourcesFiltering - Copying 1 resource from src\main\resources to target\classes
2025-12-10 10:33:50,867 [Worker-25: Building workspace] INFO  o.a.m.s.f.DefaultMavenResourcesFiltering - Copying 0 resource from src\main\resources to target\classes
2025-12-10 10:33:50,869 [Worker-25: Building workspace] INFO  o.a.m.s.f.DefaultMavenResourcesFiltering - skip non existing resourceDirectory D:\Workspace\Virtual_Threads\VirtualThreadsDemo1\src\test\resources
2025-12-10 10:34:03,717 [Worker-5: Building workspace] INFO  o.a.m.s.f.DefaultMavenResourcesFiltering - Copying 0 resource from src\main\resources to target\classes
2025-12-10 10:34:03,718 [Worker-5: Building workspace] INFO  o.a.m.s.f.DefaultMavenResourcesFiltering - Copying 0 resource from src\main\resources to target\classes
2025-12-10 10:34:03,718 [Worker-5: Building workspace] INFO  o.a.m.s.f.DefaultMavenResourcesFiltering - skip non existing resourceDirectory D:\Workspace\Virtual_Threads\VirtualThreadsDemo1\src\test\resources
2025-12-10 10:34:35,751 [Worker-23: Updating Maven Project] INFO  o.e.m.c.i.p.ProjectConfigurationManager - Update started
2025-12-10 10:34:36,701 [Worker-23: Updating Maven Project] INFO  o.e.m.c.i.l.LifecycleMappingFactory - Using org.eclipse.m2e.jdt.JarLifecycleMapping lifecycle mapping for MavenProject: com.example:VirtualThreadsDemo1:0.0.1-SNAPSHOT @ D:\Workspace\Virtual_Threads\VirtualThreadsDemo1\pom.xml.
2025-12-10 10:34:37,580 [Worker-23: Updating Maven Project] INFO  o.e.m.j.i.AbstractJavaProjectConfigurator - Adding source folder /VirtualThreadsDemo1/src/main/java
2025-12-10 10:34:37,580 [Worker-23: Updating Maven Project] INFO  o.e.m.j.i.AbstractJavaProjectConfigurator - Adding resource folder /VirtualThreadsDemo1/src/main/resources
2025-12-10 10:34:37,581 [Worker-23: Updating Maven Project] INFO  o.e.m.j.i.AbstractJavaProjectConfigurator - Adding resource folder /VirtualThreadsDemo1/src/main/resources
2025-12-10 10:34:37,582 [Worker-23: Updating Maven Project] INFO  o.e.m.j.i.AbstractJavaProjectConfigurator - Adding source folder /VirtualThreadsDemo1/src/test/java
2025-12-10 10:34:37,943 [Worker-23: Updating Maven Project] INFO  o.e.m.c.i.p.ProjectConfigurationManager - Update completed: 2 sec
2025-12-10 10:34:38,552 [Worker-25: Building workspace] INFO  o.a.m.s.f.DefaultMavenResourcesFiltering - Copying 1 resource from src\main\resources to target\classes
2025-12-10 10:34:38,571 [Worker-25: Building workspace] INFO  o.a.m.s.f.DefaultMavenResourcesFiltering - Copying 0 resource from src\main\resources to target\classes
2025-12-10 10:34:38,574 [Worker-25: Building workspace] INFO  o.a.m.s.f.DefaultMavenResourcesFiltering - skip non existing resourceDirectory D:\Workspace\Virtual_Threads\VirtualThreadsDemo1\src\test\resources
2025-12-10 10:36:11,775 [Worker-25: Building workspace] INFO  o.a.m.s.f.DefaultMavenResourcesFiltering - Copying 1 resource from src\main\resources to target\classes
2025-12-10 10:36:11,826 [Worker-25: Building workspace] INFO  o.a.m.s.f.DefaultMavenResourcesFiltering - Copying 0 resource from src\main\resources to target\classes
2025-12-10 10:36:11,832 [Worker-25: Building workspace] INFO  o.a.m.s.f.DefaultMavenResourcesFiltering - skip non existing resourceDirectory D:\Workspace\Virtual_Threads\VirtualThreadsDemo1\src\test\resources
2025-12-10 10:36:21,031 [Worker-5: Resolving model org.eclipse.recommenders:index::zip:0.0.0] WARN  o.e.r.models.ModelRepository - Failed to download org.eclipse.recommenders:index::zip:0.0.0
org.eclipse.aether.resolution.ArtifactResolutionException: Could not find artifact org.eclipse.recommenders:index:zip:0.0.0-SNAPSHOT in models (http://download.eclipse.org/recommenders/models/photon/)
	at org.eclipse.aether.internal.impl.DefaultArtifactResolver.resolve(DefaultArtifactResolver.java:453) ~[na:na]
	at org.eclipse.aether.internal.impl.DefaultArtifactResolver.resolveArtifacts(DefaultArtifactResolver.java:255) ~[na:na]
	at org.eclipse.aether.internal.impl.DefaultArtifactResolver.resolveArtifact(DefaultArtifactResolver.java:232) ~[na:na]
	at org.eclipse.aether.internal.impl.DefaultRepositorySystem.resolveArtifact(DefaultRepositorySystem.java:303) ~[na:na]
	at org.eclipse.recommenders.models.ModelRepository.resolveInternal(ModelRepository.java:193) [org.eclipse.recommenders.models_2.5.3.v20180609-1554.jar:na]
	at org.eclipse.recommenders.models.ModelRepository.resolve(ModelRepository.java:172) [org.eclipse.recommenders.models_2.5.3.v20180609-1554.jar:na]
	at org.eclipse.recommenders.internal.models.rcp.EclipseModelRepository.resolve(EclipseModelRepository.java:168) [org.eclipse.recommenders.models.rcp_2.5.3.v20180609-1554.jar:na]
	at org.eclipse.recommenders.internal.models.rcp.DownloadModelArchiveJob.run(DownloadModelArchiveJob.java:76) [org.eclipse.recommenders.models.rcp_2.5.3.v20180609-1554.jar:na]
	at org.eclipse.core.internal.jobs.Worker.run(Worker.java:60) [org.eclipse.core.jobs_3.10.0.v20180427-1454.jar:na]
Caused by: org.eclipse.aether.transfer.ArtifactNotFoundException: Could not find artifact org.eclipse.recommenders:index:zip:0.0.0-SNAPSHOT in models (http://download.eclipse.org/recommenders/models/photon/)
	at org.eclipse.aether.connector.basic.ArtifactTransportListener.transferFailed(ArtifactTransportListener.java:48) ~[org.apache.maven.resolver.connector.basic_1.0.3.v20170405-0725.jar:1.0.3]
	at org.eclipse.aether.connector.basic.BasicRepositoryConnector$TaskRunner.run(BasicRepositoryConnector.java:364) ~[org.apache.maven.resolver.connector.basic_1.0.3.v20170405-0725.jar:1.0.3]
	at org.eclipse.aether.util.concurrency.RunnableErrorForwarder$1.run(RunnableErrorForwarder.java:76) ~[na:na]
	at org.eclipse.aether.connector.basic.BasicRepositoryConnector$DirectExecutor.execute(BasicRepositoryConnector.java:590) ~[org.apache.maven.resolver.connector.basic_1.0.3.v20170405-0725.jar:1.0.3]
	at org.eclipse.aether.connector.basic.BasicRepositoryConnector.get(BasicRepositoryConnector.java:258) ~[org.apache.maven.resolver.connector.basic_1.0.3.v20170405-0725.jar:1.0.3]
	at org.eclipse.aether.internal.impl.DefaultArtifactResolver.performDownloads(DefaultArtifactResolver.java:529) ~[na:na]
	at org.eclipse.aether.internal.impl.DefaultArtifactResolver.resolve(DefaultArtifactResolver.java:430) ~[na:na]
	... 8 common frames omitted
2025-12-10 10:36:50,987 [Worker-23: Building workspace] INFO  o.a.m.s.f.DefaultMavenResourcesFiltering - Copying 1 resource from src\main\resources to target\classes
2025-12-10 10:36:50,992 [Worker-23: Building workspace] INFO  o.a.m.s.f.DefaultMavenResourcesFiltering - Copying 0 resource from src\main\resources to target\classes
2025-12-10 10:36:50,993 [Worker-23: Building workspace] INFO  o.a.m.s.f.DefaultMavenResourcesFiltering - skip non existing resourceDirectory D:\Workspace\Virtual_Threads\VirtualThreadsDemo1\src\test\resources
2025-12-10 10:38:31,313 [Worker-23: Updating Maven Project] INFO  o.e.m.c.i.p.ProjectConfigurationManager - Update started
2025-12-10 10:38:32,102 [Worker-23: Updating Maven Project] INFO  o.e.m.c.i.l.LifecycleMappingFactory - Using org.eclipse.m2e.jdt.JarLifecycleMapping lifecycle mapping for MavenProject: com.example:VirtualThreadsDemo1:0.0.1-SNAPSHOT @ D:\Workspace\Virtual_Threads\VirtualThreadsDemo1\pom.xml.
2025-12-10 10:38:33,571 [Worker-23: Updating Maven Project] INFO  o.e.m.j.i.AbstractJavaProjectConfigurator - Adding source folder /VirtualThreadsDemo1/src/main/java
2025-12-10 10:38:33,571 [Worker-23: Updating Maven Project] INFO  o.e.m.j.i.AbstractJavaProjectConfigurator - Adding resource folder /VirtualThreadsDemo1/src/main/resources
2025-12-10 10:38:33,571 [Worker-23: Updating Maven Project] INFO  o.e.m.j.i.AbstractJavaProjectConfigurator - Adding resource folder /VirtualThreadsDemo1/src/main/resources
2025-12-10 10:38:33,571 [Worker-23: Updating Maven Project] INFO  o.e.m.j.i.AbstractJavaProjectConfigurator - Adding source folder /VirtualThreadsDemo1/src/test/java
2025-12-10 10:38:34,291 [Worker-23: Updating Maven Project] INFO  o.e.m.c.i.p.ProjectConfigurationManager - Update completed: 2 sec
2025-12-10 10:38:35,717 [Worker-27: Building workspace] INFO  o.a.m.s.f.DefaultMavenResourcesFiltering - Copying 1 resource from src\main\resources to target\classes
2025-12-10 10:38:35,743 [Worker-27: Building workspace] INFO  o.a.m.s.f.DefaultMavenResourcesFiltering - Copying 0 resource from src\main\resources to target\classes
2025-12-10 10:38:35,743 [Worker-27: Building workspace] INFO  o.a.m.s.f.DefaultMavenResourcesFiltering - skip non existing resourceDirectory D:\Workspace\Virtual_Threads\VirtualThreadsDemo1\src\test\resources
2025-12-10 10:39:44,922 [Worker-28: Building workspace] INFO  o.e.m.c.i.l.LifecycleMappingFactory - Using org.eclipse.m2e.jdt.JarLifecycleMapping lifecycle mapping for MavenProject: com.example:VirtualThreadsDemo1:0.0.1-SNAPSHOT @ D:\Workspace\Virtual_Threads\VirtualThreadsDemo1\pom.xml.
2025-12-10 10:39:54,349 [Worker-28: Building workspace] INFO  o.e.m.c.i.l.LifecycleMappingFactory - Using org.eclipse.m2e.jdt.JarLifecycleMapping lifecycle mapping for MavenProject: com.example:Thread_Per_Request1:0.0.1-SNAPSHOT @ D:\Workspace\Virtual_Threads\Thread_Per_Request1\pom.xml.
2025-12-10 10:39:54,826 [Worker-28: Building workspace] INFO  o.e.m.c.i.l.LifecycleMappingFactory - Using org.eclipse.m2e.jdt.JarLifecycleMapping lifecycle mapping for MavenProject: com.example:Thread_Per_Request2:0.0.1-SNAPSHOT @ D:\Workspace\Virtual_Threads\Thread_Per_Request2\pom.xml.
2025-12-10 10:39:58,621 [Worker-30: Building workspace] INFO  o.e.m.c.i.embedder.EclipseLogger - Using 'UTF-8' encoding to copy filtered resources.
2025-12-10 10:39:58,621 [Worker-30: Building workspace] INFO  o.e.m.c.i.embedder.EclipseLogger - Copying 0 resource
2025-12-10 10:39:58,621 [Worker-30: Building workspace] INFO  o.e.m.c.i.embedder.EclipseLogger - Copying 0 resource
2025-12-10 10:39:58,621 [Worker-30: Building workspace] INFO  o.e.m.c.i.embedder.EclipseLogger - Using 'UTF-8' encoding to copy filtered resources.
2025-12-10 10:39:58,621 [Worker-30: Building workspace] INFO  o.e.m.c.i.embedder.EclipseLogger - skip non existing resourceDirectory D:\Workspace\Virtual_Threads\Thread_Per_Request1\src\test\resources
2025-12-10 10:39:58,850 [Worker-30: Building workspace] INFO  o.e.m.c.i.embedder.EclipseLogger - Using 'UTF-8' encoding to copy filtered resources.
2025-12-10 10:39:58,850 [Worker-30: Building workspace] INFO  o.e.m.c.i.embedder.EclipseLogger - Copying 0 resource
2025-12-10 10:39:58,850 [Worker-30: Building workspace] INFO  o.e.m.c.i.embedder.EclipseLogger - Copying 0 resource
2025-12-10 10:39:58,850 [Worker-30: Building workspace] INFO  o.e.m.c.i.embedder.EclipseLogger - Using 'UTF-8' encoding to copy filtered resources.
2025-12-10 10:39:58,850 [Worker-30: Building workspace] INFO  o.e.m.c.i.embedder.EclipseLogger - skip non existing resourceDirectory D:\Workspace\Virtual_Threads\Thread_Per_Request2\src\test\resources
2025-12-10 10:39:59,375 [Worker-30: Building workspace] INFO  o.e.m.c.i.l.LifecycleMappingFactory - Using org.eclipse.m2e.jdt.JarLifecycleMapping lifecycle mapping for MavenProject: com.example:VirtualThreadsDemo1:0.0.1-SNAPSHOT @ D:\Workspace\Virtual_Threads\VirtualThreadsDemo1\pom.xml.
2025-12-10 10:46:51,819 [Worker-5: Building workspace] INFO  o.e.m.c.i.l.LifecycleMappingFactory - Using org.eclipse.m2e.jdt.JarLifecycleMapping lifecycle mapping for MavenProject: com.example:VirtualThreadsDemo1:0.0.1-SNAPSHOT @ D:\Workspace\Virtual_Threads\VirtualThreadsDemo1\pom.xml.
2025-12-10 10:46:54,870 [Worker-5: Building workspace] INFO  o.a.m.s.f.DefaultMavenResourcesFiltering - Copying 0 resource from src\main\resources to target\classes
2025-12-10 10:46:54,870 [Worker-5: Building workspace] INFO  o.a.m.s.f.DefaultMavenResourcesFiltering - Copying 0 resource from src\main\resources to target\classes
2025-12-10 10:46:54,870 [Worker-5: Building workspace] INFO  o.a.m.s.f.DefaultMavenResourcesFiltering - skip non existing resourceDirectory D:\Workspace\Virtual_Threads\VirtualThreadsDemo1\src\test\resources
2025-12-10 10:46:56,490 [Worker-25: Building workspace] INFO  o.a.m.s.f.DefaultMavenResourcesFiltering - Copying 1 resource from src\main\resources to target\classes
2025-12-10 10:46:56,523 [Worker-25: Building workspace] INFO  o.a.m.s.f.DefaultMavenResourcesFiltering - Copying 0 resource from src\main\resources to target\classes
2025-12-10 10:46:56,525 [Worker-25: Building workspace] INFO  o.a.m.s.f.DefaultMavenResourcesFiltering - skip non existing resourceDirectory D:\Workspace\Virtual_Threads\VirtualThreadsDemo1\src\test\resources
2025-12-10 10:46:58,089 [Worker-28: Building workspace] INFO  o.e.m.c.i.l.LifecycleMappingFactory - Using org.eclipse.m2e.jdt.JarLifecycleMapping lifecycle mapping for MavenProject: com.example:VirtualThreadsDemo1:0.0.1-SNAPSHOT @ D:\Workspace\Virtual_Threads\VirtualThreadsDemo1\pom.xml.
2025-12-10 10:46:58,499 [Worker-28: Building workspace] INFO  o.a.m.s.f.DefaultMavenResourcesFiltering - Copying 0 resource from src\main\resources to target\classes
2025-12-10 10:46:58,499 [Worker-28: Building workspace] INFO  o.a.m.s.f.DefaultMavenResourcesFiltering - Copying 0 resource from src\main\resources to target\classes
2025-12-10 10:46:58,499 [Worker-28: Building workspace] INFO  o.a.m.s.f.DefaultMavenResourcesFiltering - skip non existing resourceDirectory D:\Workspace\Virtual_Threads\VirtualThreadsDemo1\src\test\resources
2025-12-10 10:47:05,555 [Worker-31: Updating Maven Project] INFO  o.e.m.c.i.p.ProjectConfigurationManager - Update started
2025-12-10 10:47:05,961 [Worker-31: Updating Maven Project] INFO  o.e.m.c.i.l.LifecycleMappingFactory - Using org.eclipse.m2e.jdt.JarLifecycleMapping lifecycle mapping for MavenProject: com.example:VirtualThreadsDemo1:0.0.1-SNAPSHOT @ D:\Workspace\Virtual_Threads\VirtualThreadsDemo1\pom.xml.
2025-12-10 10:47:06,324 [Worker-31: Updating Maven Project] INFO  o.e.m.j.i.AbstractJavaProjectConfigurator - Adding source folder /VirtualThreadsDemo1/src/main/java
2025-12-10 10:47:06,324 [Worker-31: Updating Maven Project] INFO  o.e.m.j.i.AbstractJavaProjectConfigurator - Adding resource folder /VirtualThreadsDemo1/src/main/resources
2025-12-10 10:47:06,324 [Worker-31: Updating Maven Project] INFO  o.e.m.j.i.AbstractJavaProjectConfigurator - Adding resource folder /VirtualThreadsDemo1/src/main/resources
2025-12-10 10:47:06,324 [Worker-31: Updating Maven Project] INFO  o.e.m.j.i.AbstractJavaProjectConfigurator - Adding source folder /VirtualThreadsDemo1/src/test/java
2025-12-10 10:47:06,527 [Worker-31: Updating Maven Project] INFO  o.e.m.c.i.p.ProjectConfigurationManager - Update completed: 0 sec
2025-12-10 10:47:06,998 [Worker-28: Building workspace] INFO  o.a.m.s.f.DefaultMavenResourcesFiltering - Copying 1 resource from src\main\resources to target\classes
2025-12-10 10:47:07,011 [Worker-28: Building workspace] INFO  o.a.m.s.f.DefaultMavenResourcesFiltering - Copying 0 resource from src\main\resources to target\classes
2025-12-10 10:47:07,011 [Worker-28: Building workspace] INFO  o.a.m.s.f.DefaultMavenResourcesFiltering - skip non existing resourceDirectory D:\Workspace\Virtual_Threads\VirtualThreadsDemo1\src\test\resources
2025-12-10 10:47:43,277 [Worker-6: Loading available Gradle versions] INFO  c.g.t.t.d.PublishedGradleVersions - Gradle version information cache is up-to-date. Trying to read.
2025-12-10 10:47:46,914 [Worker-16: Building workspace] INFO  o.a.m.s.f.DefaultMavenResourcesFiltering - Copying 1 resource from src\main\resources to target\classes
2025-12-10 10:47:46,971 [Worker-16: Building workspace] INFO  o.a.m.s.f.DefaultMavenResourcesFiltering - Copying 0 resource from src\main\resources to target\classes
2025-12-10 10:47:46,976 [Worker-16: Building workspace] INFO  o.a.m.s.f.DefaultMavenResourcesFiltering - skip non existing resourceDirectory D:\Workspace\Virtual_Threads\VirtualThreadsDemo1\src\test\resources
2025-12-10 10:48:32,770 [Worker-7: Building workspace] INFO  o.e.m.c.i.embedder.EclipseLogger - Using 'UTF-8' encoding to copy filtered resources.
2025-12-10 10:48:32,771 [Worker-7: Building workspace] INFO  o.e.m.c.i.embedder.EclipseLogger - Copying 1 resource
2025-12-10 10:48:32,787 [Worker-7: Building workspace] INFO  o.e.m.c.i.embedder.EclipseLogger - Copying 0 resource
2025-12-10 10:48:32,791 [Worker-7: Building workspace] INFO  o.e.m.c.i.embedder.EclipseLogger - Using 'UTF-8' encoding to copy filtered resources.
2025-12-10 10:48:32,791 [Worker-7: Building workspace] INFO  o.e.m.c.i.embedder.EclipseLogger - skip non existing resourceDirectory D:\Workspace\Virtual_Threads\Thread_Per_Request1\src\test\resources
2025-12-10 10:48:33,718 [Worker-7: Building workspace] INFO  o.e.m.c.i.embedder.EclipseLogger - Using 'UTF-8' encoding to copy filtered resources.
2025-12-10 10:48:33,719 [Worker-7: Building workspace] INFO  o.e.m.c.i.embedder.EclipseLogger - Copying 1 resource
2025-12-10 10:48:33,721 [Worker-7: Building workspace] INFO  o.e.m.c.i.embedder.EclipseLogger - Copying 0 resource
2025-12-10 10:48:33,724 [Worker-7: Building workspace] INFO  o.e.m.c.i.embedder.EclipseLogger - Using 'UTF-8' encoding to copy filtered resources.
2025-12-10 10:48:33,724 [Worker-7: Building workspace] INFO  o.e.m.c.i.embedder.EclipseLogger - skip non existing resourceDirectory D:\Workspace\Virtual_Threads\Thread_Per_Request2\src\test\resources
2025-12-10 10:48:33,765 [Worker-7: Building workspace] INFO  o.a.m.s.f.DefaultMavenResourcesFiltering - Copying 0 resource from src\main\resources to target\classes
2025-12-10 10:48:33,766 [Worker-7: Building workspace] INFO  o.a.m.s.f.DefaultMavenResourcesFiltering - Copying 0 resource from src\main\resources to target\classes
2025-12-10 10:48:33,767 [Worker-7: Building workspace] INFO  o.a.m.s.f.DefaultMavenResourcesFiltering - skip non existing resourceDirectory D:\Workspace\Virtual_Threads\VirtualThreadsDemo1\src\test\resources
2025-12-10 10:50:13,563 [Worker-2: Building workspace] INFO  o.e.m.c.i.embedder.EclipseLogger - Using 'UTF-8' encoding to copy filtered resources.
2025-12-10 10:50:13,564 [Worker-2: Building workspace] INFO  o.e.m.c.i.embedder.EclipseLogger - Copying 0 resource
2025-12-10 10:50:13,564 [Worker-2: Building workspace] INFO  o.e.m.c.i.embedder.EclipseLogger - Copying 0 resource
2025-12-10 10:50:13,565 [Worker-2: Building workspace] INFO  o.e.m.c.i.embedder.EclipseLogger - Using 'UTF-8' encoding to copy filtered resources.
2025-12-10 10:50:13,565 [Worker-2: Building workspace] INFO  o.e.m.c.i.embedder.EclipseLogger - skip non existing resourceDirectory D:\Workspace\Virtual_Threads\Thread_Per_Request1\src\test\resources
2025-12-10 10:50:13,579 [Worker-2: Building workspace] INFO  o.e.m.c.i.embedder.EclipseLogger - Using 'UTF-8' encoding to copy filtered resources.
2025-12-10 10:50:13,579 [Worker-2: Building workspace] INFO  o.e.m.c.i.embedder.EclipseLogger - Copying 0 resource
2025-12-10 10:50:13,579 [Worker-2: Building workspace] INFO  o.e.m.c.i.embedder.EclipseLogger - Copying 0 resource
2025-12-10 10:50:13,580 [Worker-2: Building workspace] INFO  o.e.m.c.i.embedder.EclipseLogger - Using 'UTF-8' encoding to copy filtered resources.
2025-12-10 10:50:13,581 [Worker-2: Building workspace] INFO  o.e.m.c.i.embedder.EclipseLogger - skip non existing resourceDirectory D:\Workspace\Virtual_Threads\Thread_Per_Request2\src\test\resources
2025-12-10 10:50:13,593 [Worker-2: Building workspace] INFO  o.a.m.s.f.DefaultMavenResourcesFiltering - Copying 0 resource from src\main\resources to target\classes
2025-12-10 10:50:13,593 [Worker-2: Building workspace] INFO  o.a.m.s.f.DefaultMavenResourcesFiltering - Copying 0 resource from src\main\resources to target\classes
2025-12-10 10:50:13,594 [Worker-2: Building workspace] INFO  o.a.m.s.f.DefaultMavenResourcesFiltering - skip non existing resourceDirectory D:\Workspace\Virtual_Threads\VirtualThreadsDemo1\src\test\resources
2025-12-10 10:50:47,088 [Worker-2: Building workspace] INFO  o.a.m.s.f.DefaultMavenResourcesFiltering - Copying 1 resource from src\main\resources to target\classes
2025-12-10 10:50:47,095 [Worker-2: Building workspace] INFO  o.a.m.s.f.DefaultMavenResourcesFiltering - Copying 0 resource from src\main\resources to target\classes
2025-12-10 10:50:47,097 [Worker-2: Building workspace] INFO  o.a.m.s.f.DefaultMavenResourcesFiltering - skip non existing resourceDirectory D:\Workspace\Virtual_Threads\VirtualThreadsDemo1\src\test\resources
2025-12-10 10:51:30,111 [Worker-20: Building workspace] INFO  o.e.m.c.i.l.LifecycleMappingFactory - Using org.eclipse.m2e.jdt.JarLifecycleMapping lifecycle mapping for MavenProject: com.example:Thread_Per_Request2:0.0.1-SNAPSHOT @ D:\Workspace\Virtual_Threads\Thread_Per_Request2\pom.xml.
2025-12-10 10:51:30,381 [Worker-20: Building workspace] INFO  o.a.m.s.f.DefaultMavenResourcesFiltering - Copying 0 resource from src\main\resources to target\classes
2025-12-10 10:51:30,381 [Worker-20: Building workspace] INFO  o.a.m.s.f.DefaultMavenResourcesFiltering - Copying 0 resource from src\main\resources to target\classes
2025-12-10 10:51:30,382 [Worker-20: Building workspace] INFO  o.a.m.s.f.DefaultMavenResourcesFiltering - skip non existing resourceDirectory D:\Workspace\Virtual_Threads\Thread_Per_Request2\src\test\resources
2025-12-10 10:51:44,709 [Worker-2: Building workspace] INFO  o.e.m.c.i.l.LifecycleMappingFactory - Using org.eclipse.m2e.jdt.JarLifecycleMapping lifecycle mapping for MavenProject: com.example:Thread_Per_Request1:0.0.1-SNAPSHOT @ D:\Workspace\Virtual_Threads\Thread_Per_Request1\pom.xml.
2025-12-10 10:51:45,040 [Worker-2: Building workspace] INFO  o.a.m.s.f.DefaultMavenResourcesFiltering - Copying 0 resource from src\main\resources to target\classes
2025-12-10 10:51:45,041 [Worker-2: Building workspace] INFO  o.a.m.s.f.DefaultMavenResourcesFiltering - Copying 0 resource from src\main\resources to target\classes
2025-12-10 10:51:45,042 [Worker-2: Building workspace] INFO  o.a.m.s.f.DefaultMavenResourcesFiltering - skip non existing resourceDirectory D:\Workspace\Virtual_Threads\Thread_Per_Request1\src\test\resources
2025-12-10 10:51:57,512 [Worker-16: Building workspace] INFO  o.a.m.s.f.DefaultMavenResourcesFiltering - Copying 1 resource from src\main\resources to target\classes
2025-12-10 10:51:57,519 [Worker-16: Building workspace] INFO  o.a.m.s.f.DefaultMavenResourcesFiltering - Copying 0 resource from src\main\resources to target\classes
2025-12-10 10:51:57,521 [Worker-16: Building workspace] INFO  o.a.m.s.f.DefaultMavenResourcesFiltering - skip non existing resourceDirectory D:\Workspace\Virtual_Threads\Thread_Per_Request1\src\test\resources
2025-12-10 10:52:08,714 [Worker-2: Building workspace] INFO  o.a.m.s.f.DefaultMavenResourcesFiltering - Copying 1 resource from src\main\resources to target\classes
2025-12-10 10:52:08,720 [Worker-2: Building workspace] INFO  o.a.m.s.f.DefaultMavenResourcesFiltering - Copying 0 resource from src\main\resources to target\classes
2025-12-10 10:52:08,725 [Worker-2: Building workspace] INFO  o.a.m.s.f.DefaultMavenResourcesFiltering - skip non existing resourceDirectory D:\Workspace\Virtual_Threads\Thread_Per_Request2\src\test\resources
2025-12-10 10:54:58,397 [Worker-20: Building workspace] INFO  o.a.m.s.f.DefaultMavenResourcesFiltering - Copying 1 resource from src\main\resources to target\classes
2025-12-10 10:54:58,430 [Worker-20: Building workspace] INFO  o.a.m.s.f.DefaultMavenResourcesFiltering - Copying 0 resource from src\main\resources to target\classes
2025-12-10 10:54:58,433 [Worker-20: Building workspace] INFO  o.a.m.s.f.DefaultMavenResourcesFiltering - skip non existing resourceDirectory D:\Workspace\Virtual_Threads\VirtualThreadsDemo1\src\test\resources
2025-12-10 10:57:34,417 [Worker-2: Building workspace] INFO  o.a.m.s.f.DefaultMavenResourcesFiltering - Copying 1 resource from src\main\resources to target\classes
2025-12-10 10:57:34,425 [Worker-2: Building workspace] INFO  o.a.m.s.f.DefaultMavenResourcesFiltering - Copying 0 resource from src\main\resources to target\classes
2025-12-10 10:57:34,427 [Worker-2: Building workspace] INFO  o.a.m.s.f.DefaultMavenResourcesFiltering - skip non existing resourceDirectory D:\Workspace\Virtual_Threads\VirtualThreadsDemo1\src\test\resources
2025-12-10 10:57:40,477 [Worker-23: Resolving model org.eclipse.recommenders:index::zip:0.0.0] WARN  o.e.r.models.ModelRepository - Failed to download org.eclipse.recommenders:index::zip:0.0.0
org.eclipse.aether.resolution.ArtifactResolutionException: Could not find artifact org.eclipse.recommenders:index:zip:0.0.0-SNAPSHOT in models (http://download.eclipse.org/recommenders/models/photon/)
	at org.eclipse.aether.internal.impl.DefaultArtifactResolver.resolve(DefaultArtifactResolver.java:453) ~[na:na]
	at org.eclipse.aether.internal.impl.DefaultArtifactResolver.resolveArtifacts(DefaultArtifactResolver.java:255) ~[na:na]
	at org.eclipse.aether.internal.impl.DefaultArtifactResolver.resolveArtifact(DefaultArtifactResolver.java:232) ~[na:na]
	at org.eclipse.aether.internal.impl.DefaultRepositorySystem.resolveArtifact(DefaultRepositorySystem.java:303) ~[na:na]
	at org.eclipse.recommenders.models.ModelRepository.resolveInternal(ModelRepository.java:193) [org.eclipse.recommenders.models_2.5.3.v20180609-1554.jar:na]
	at org.eclipse.recommenders.models.ModelRepository.resolve(ModelRepository.java:172) [org.eclipse.recommenders.models_2.5.3.v20180609-1554.jar:na]
	at org.eclipse.recommenders.internal.models.rcp.EclipseModelRepository.resolve(EclipseModelRepository.java:168) [org.eclipse.recommenders.models.rcp_2.5.3.v20180609-1554.jar:na]
	at org.eclipse.recommenders.internal.models.rcp.DownloadModelArchiveJob.run(DownloadModelArchiveJob.java:76) [org.eclipse.recommenders.models.rcp_2.5.3.v20180609-1554.jar:na]
	at org.eclipse.core.internal.jobs.Worker.run(Worker.java:60) [org.eclipse.core.jobs_3.10.0.v20180427-1454.jar:na]
Caused by: org.eclipse.aether.transfer.ArtifactNotFoundException: Could not find artifact org.eclipse.recommenders:index:zip:0.0.0-SNAPSHOT in models (http://download.eclipse.org/recommenders/models/photon/)
	at org.eclipse.aether.connector.basic.ArtifactTransportListener.transferFailed(ArtifactTransportListener.java:48) ~[org.apache.maven.resolver.connector.basic_1.0.3.v20170405-0725.jar:1.0.3]
	at org.eclipse.aether.connector.basic.BasicRepositoryConnector$TaskRunner.run(BasicRepositoryConnector.java:364) ~[org.apache.maven.resolver.connector.basic_1.0.3.v20170405-0725.jar:1.0.3]
	at org.eclipse.aether.util.concurrency.RunnableErrorForwarder$1.run(RunnableErrorForwarder.java:76) ~[na:na]
	at org.eclipse.aether.connector.basic.BasicRepositoryConnector$DirectExecutor.execute(BasicRepositoryConnector.java:590) ~[org.apache.maven.resolver.connector.basic_1.0.3.v20170405-0725.jar:1.0.3]
	at org.eclipse.aether.connector.basic.BasicRepositoryConnector.get(BasicRepositoryConnector.java:258) ~[org.apache.maven.resolver.connector.basic_1.0.3.v20170405-0725.jar:1.0.3]
	at org.eclipse.aether.internal.impl.DefaultArtifactResolver.performDownloads(DefaultArtifactResolver.java:529) ~[na:na]
	at org.eclipse.aether.internal.impl.DefaultArtifactResolver.resolve(DefaultArtifactResolver.java:430) ~[na:na]
	... 8 common frames omitted
2025-12-10 10:57:47,943 [Worker-20: Building workspace] INFO  o.a.m.s.f.DefaultMavenResourcesFiltering - Copying 1 resource from src\main\resources to target\classes
2025-12-10 10:57:47,948 [Worker-20: Building workspace] INFO  o.a.m.s.f.DefaultMavenResourcesFiltering - Copying 0 resource from src\main\resources to target\classes
2025-12-10 10:57:47,949 [Worker-20: Building workspace] INFO  o.a.m.s.f.DefaultMavenResourcesFiltering - skip non existing resourceDirectory D:\Workspace\Virtual_Threads\VirtualThreadsDemo1\src\test\resources
2025-12-10 10:58:21,393 [Worker-23: Building workspace] INFO  o.a.m.s.f.DefaultMavenResourcesFiltering - Copying 1 resource from src\main\resources to target\classes
2025-12-10 10:58:21,400 [Worker-23: Building workspace] INFO  o.a.m.s.f.DefaultMavenResourcesFiltering - Copying 0 resource from src\main\resources to target\classes
2025-12-10 10:58:21,401 [Worker-23: Building workspace] INFO  o.a.m.s.f.DefaultMavenResourcesFiltering - skip non existing resourceDirectory D:\Workspace\Virtual_Threads\VirtualThreadsDemo1\src\test\resources
2025-12-10 11:01:11,539 [Worker-27: Building workspace] INFO  o.a.m.s.f.DefaultMavenResourcesFiltering - Copying 1 resource from src\main\resources to target\classes
2025-12-10 11:01:11,547 [Worker-27: Building workspace] INFO  o.a.m.s.f.DefaultMavenResourcesFiltering - Copying 0 resource from src\main\resources to target\classes
2025-12-10 11:01:11,547 [Worker-27: Building workspace] INFO  o.a.m.s.f.DefaultMavenResourcesFiltering - skip non existing resourceDirectory D:\Workspace\Virtual_Threads\VirtualThreadsDemo1\src\test\resources
2025-12-10 11:02:53,965 [Worker-25: Building workspace] INFO  o.a.m.s.f.DefaultMavenResourcesFiltering - Copying 1 resource from src\main\resources to target\classes
2025-12-10 11:02:53,988 [Worker-25: Building workspace] INFO  o.a.m.s.f.DefaultMavenResourcesFiltering - Copying 0 resource from src\main\resources to target\classes
2025-12-10 11:02:53,991 [Worker-25: Building workspace] INFO  o.a.m.s.f.DefaultMavenResourcesFiltering - skip non existing resourceDirectory D:\Workspace\Virtual_Threads\VirtualThreadsDemo1\src\test\resources
2025-12-10 11:02:57,194 [Worker-28: Building workspace] INFO  o.a.m.s.f.DefaultMavenResourcesFiltering - Copying 1 resource from src\main\resources to target\classes
2025-12-10 11:02:57,198 [Worker-28: Building workspace] INFO  o.a.m.s.f.DefaultMavenResourcesFiltering - Copying 0 resource from src\main\resources to target\classes
2025-12-10 11:02:57,198 [Worker-28: Building workspace] INFO  o.a.m.s.f.DefaultMavenResourcesFiltering - skip non existing resourceDirectory D:\Workspace\Virtual_Threads\VirtualThreadsDemo1\src\test\resources
2025-12-10 11:03:23,500 [Worker-27: Building workspace] INFO  o.a.m.s.f.DefaultMavenResourcesFiltering - Copying 1 resource from src\main\resources to target\classes
2025-12-10 11:03:23,516 [Worker-27: Building workspace] INFO  o.a.m.s.f.DefaultMavenResourcesFiltering - Copying 0 resource from src\main\resources to target\classes
2025-12-10 11:03:23,534 [Worker-27: Building workspace] INFO  o.a.m.s.f.DefaultMavenResourcesFiltering - skip non existing resourceDirectory D:\Workspace\Virtual_Threads\VirtualThreadsDemo1\src\test\resources
2025-12-10 11:03:27,805 [Worker-27: Building workspace] INFO  o.a.m.s.f.DefaultMavenResourcesFiltering - Copying 1 resource from src\main\resources to target\classes
2025-12-10 11:03:27,823 [Worker-27: Building workspace] INFO  o.a.m.s.f.DefaultMavenResourcesFiltering - Copying 0 resource from src\main\resources to target\classes
2025-12-10 11:03:27,823 [Worker-27: Building workspace] INFO  o.a.m.s.f.DefaultMavenResourcesFiltering - skip non existing resourceDirectory D:\Workspace\Virtual_Threads\VirtualThreadsDemo1\src\test\resources
2025-12-10 11:03:38,804 [Worker-28: Building workspace] INFO  o.a.m.s.f.DefaultMavenResourcesFiltering - Copying 1 resource from src\main\resources to target\classes
2025-12-10 11:03:38,823 [Worker-28: Building workspace] INFO  o.a.m.s.f.DefaultMavenResourcesFiltering - Copying 0 resource from src\main\resources to target\classes
2025-12-10 11:03:38,826 [Worker-28: Building workspace] INFO  o.a.m.s.f.DefaultMavenResourcesFiltering - skip non existing resourceDirectory D:\Workspace\Virtual_Threads\VirtualThreadsDemo1\src\test\resources
2025-12-10 11:03:47,599 [Worker-25: Building workspace] INFO  o.a.m.s.f.DefaultMavenResourcesFiltering - Copying 1 resource from src\main\resources to target\classes
2025-12-10 11:03:47,614 [Worker-25: Building workspace] INFO  o.a.m.s.f.DefaultMavenResourcesFiltering - Copying 0 resource from src\main\resources to target\classes
2025-12-10 11:03:47,614 [Worker-25: Building workspace] INFO  o.a.m.s.f.DefaultMavenResourcesFiltering - skip non existing resourceDirectory D:\Workspace\Virtual_Threads\VirtualThreadsDemo1\src\test\resources
2025-12-10 11:04:35,158 [Worker-29: Building workspace] INFO  o.a.m.s.f.DefaultMavenResourcesFiltering - Copying 1 resource from src\main\resources to target\classes
2025-12-10 11:04:35,202 [Worker-29: Building workspace] INFO  o.a.m.s.f.DefaultMavenResourcesFiltering - Copying 0 resource from src\main\resources to target\classes
2025-12-10 11:04:35,209 [Worker-29: Building workspace] INFO  o.a.m.s.f.DefaultMavenResourcesFiltering - skip non existing resourceDirectory D:\Workspace\Virtual_Threads\VirtualThreadsDemo1\src\test\resources
2025-12-10 11:05:01,314 [Worker-28: Building workspace] INFO  o.a.m.s.f.DefaultMavenResourcesFiltering - Copying 1 resource from src\main\resources to target\classes
2025-12-10 11:05:01,360 [Worker-28: Building workspace] INFO  o.a.m.s.f.DefaultMavenResourcesFiltering - Copying 0 resource from src\main\resources to target\classes
2025-12-10 11:05:01,360 [Worker-28: Building workspace] INFO  o.a.m.s.f.DefaultMavenResourcesFiltering - skip non existing resourceDirectory D:\Workspace\Virtual_Threads\VirtualThreadsDemo1\src\test\resources
2025-12-10 11:05:50,350 [Worker-20: Building workspace] INFO  o.a.m.s.f.DefaultMavenResourcesFiltering - Copying 1 resource from src\main\resources to target\classes
2025-12-10 11:05:50,360 [Worker-20: Building workspace] INFO  o.a.m.s.f.DefaultMavenResourcesFiltering - Copying 0 resource from src\main\resources to target\classes
2025-12-10 11:05:50,360 [Worker-20: Building workspace] INFO  o.a.m.s.f.DefaultMavenResourcesFiltering - skip non existing resourceDirectory D:\Workspace\Virtual_Threads\VirtualThreadsDemo1\src\test\resources
2025-12-10 11:05:52,416 [Worker-32: Building workspace] INFO  o.a.m.s.f.DefaultMavenResourcesFiltering - Copying 1 resource from src\main\resources to target\classes
2025-12-10 11:05:52,420 [Worker-32: Building workspace] INFO  o.a.m.s.f.DefaultMavenResourcesFiltering - Copying 0 resource from src\main\resources to target\classes
2025-12-10 11:05:52,420 [Worker-32: Building workspace] INFO  o.a.m.s.f.DefaultMavenResourcesFiltering - skip non existing resourceDirectory D:\Workspace\Virtual_Threads\VirtualThreadsDemo1\src\test\resources
2025-12-10 11:06:52,334 [Worker-30: Building workspace] INFO  o.a.m.s.f.DefaultMavenResourcesFiltering - Copying 1 resource from src\main\resources to target\classes
2025-12-10 11:06:52,364 [Worker-30: Building workspace] INFO  o.a.m.s.f.DefaultMavenResourcesFiltering - Copying 0 resource from src\main\resources to target\classes
2025-12-10 11:06:52,366 [Worker-30: Building workspace] INFO  o.a.m.s.f.DefaultMavenResourcesFiltering - skip non existing resourceDirectory D:\Workspace\Virtual_Threads\VirtualThreadsDemo1\src\test\resources
2025-12-10 11:06:57,477 [Worker-32: Building workspace] INFO  o.a.m.s.f.DefaultMavenResourcesFiltering - Copying 1 resource from src\main\resources to target\classes
2025-12-10 11:06:57,479 [Worker-32: Building workspace] INFO  o.a.m.s.f.DefaultMavenResourcesFiltering - Copying 0 resource from src\main\resources to target\classes
2025-12-10 11:06:57,479 [Worker-32: Building workspace] INFO  o.a.m.s.f.DefaultMavenResourcesFiltering - skip non existing resourceDirectory D:\Workspace\Virtual_Threads\VirtualThreadsDemo1\src\test\resources
2025-12-10 11:08:59,901 [Worker-32: Building workspace] INFO  o.a.m.s.f.DefaultMavenResourcesFiltering - Copying 1 resource from src\main\resources to target\classes
2025-12-10 11:08:59,909 [Worker-32: Building workspace] INFO  o.a.m.s.f.DefaultMavenResourcesFiltering - Copying 0 resource from src\main\resources to target\classes
2025-12-10 11:08:59,909 [Worker-32: Building workspace] INFO  o.a.m.s.f.DefaultMavenResourcesFiltering - skip non existing resourceDirectory D:\Workspace\Virtual_Threads\VirtualThreadsDemo1\src\test\resources
2025-12-10 11:09:38,943 [Worker-20: Building workspace] INFO  o.a.m.s.f.DefaultMavenResourcesFiltering - Copying 1 resource from src\main\resources to target\classes
2025-12-10 11:09:38,958 [Worker-20: Building workspace] INFO  o.a.m.s.f.DefaultMavenResourcesFiltering - Copying 0 resource from src\main\resources to target\classes
2025-12-10 11:09:38,958 [Worker-20: Building workspace] INFO  o.a.m.s.f.DefaultMavenResourcesFiltering - skip non existing resourceDirectory D:\Workspace\Virtual_Threads\VirtualThreadsDemo1\src\test\resources
2025-12-10 11:10:01,480 [Worker-20: Building workspace] INFO  o.a.m.s.f.DefaultMavenResourcesFiltering - Copying 1 resource from src\main\resources to target\classes
2025-12-10 11:10:01,501 [Worker-20: Building workspace] INFO  o.a.m.s.f.DefaultMavenResourcesFiltering - Copying 0 resource from src\main\resources to target\classes
2025-12-10 11:10:01,501 [Worker-20: Building workspace] INFO  o.a.m.s.f.DefaultMavenResourcesFiltering - skip non existing resourceDirectory D:\Workspace\Virtual_Threads\VirtualThreadsDemo1\src\test\resources
2025-12-10 11:10:08,982 [Worker-32: Building workspace] INFO  o.a.m.s.f.DefaultMavenResourcesFiltering - Copying 1 resource from src\main\resources to target\classes
2025-12-10 11:10:08,988 [Worker-32: Building workspace] INFO  o.a.m.s.f.DefaultMavenResourcesFiltering - Copying 0 resource from src\main\resources to target\classes
2025-12-10 11:10:08,990 [Worker-32: Building workspace] INFO  o.a.m.s.f.DefaultMavenResourcesFiltering - skip non existing resourceDirectory D:\Workspace\Virtual_Threads\VirtualThreadsDemo1\src\test\resources
2025-12-10 11:10:42,265 [Worker-20: Building workspace] INFO  o.a.m.s.f.DefaultMavenResourcesFiltering - Copying 1 resource from src\main\resources to target\classes
2025-12-10 11:10:42,273 [Worker-20: Building workspace] INFO  o.a.m.s.f.DefaultMavenResourcesFiltering - Copying 0 resource from src\main\resources to target\classes
2025-12-10 11:10:42,273 [Worker-20: Building workspace] INFO  o.a.m.s.f.DefaultMavenResourcesFiltering - skip non existing resourceDirectory D:\Workspace\Virtual_Threads\VirtualThreadsDemo1\src\test\resources
2025-12-10 11:12:28,937 [Worker-34: Building workspace] INFO  o.a.m.s.f.DefaultMavenResourcesFiltering - Copying 1 resource from src\main\resources to target\classes
2025-12-10 11:12:28,944 [Worker-34: Building workspace] INFO  o.a.m.s.f.DefaultMavenResourcesFiltering - Copying 0 resource from src\main\resources to target\classes
2025-12-10 11:12:28,944 [Worker-34: Building workspace] INFO  o.a.m.s.f.DefaultMavenResourcesFiltering - skip non existing resourceDirectory D:\Workspace\Virtual_Threads\VirtualThreadsDemo1\src\test\resources
2025-12-10 11:12:32,313 [Worker-28: Building workspace] INFO  o.a.m.s.f.DefaultMavenResourcesFiltering - Copying 1 resource from src\main\resources to target\classes
2025-12-10 11:12:32,321 [Worker-28: Building workspace] INFO  o.a.m.s.f.DefaultMavenResourcesFiltering - Copying 0 resource from src\main\resources to target\classes
2025-12-10 11:12:32,324 [Worker-28: Building workspace] INFO  o.a.m.s.f.DefaultMavenResourcesFiltering - skip non existing resourceDirectory D:\Workspace\Virtual_Threads\VirtualThreadsDemo1\src\test\resources
2025-12-10 11:13:31,219 [Worker-34: Building workspace] INFO  o.a.m.s.f.DefaultMavenResourcesFiltering - Copying 1 resource from src\main\resources to target\classes
2025-12-10 11:13:31,223 [Worker-34: Building workspace] INFO  o.a.m.s.f.DefaultMavenResourcesFiltering - Copying 0 resource from src\main\resources to target\classes
2025-12-10 11:13:31,223 [Worker-34: Building workspace] INFO  o.a.m.s.f.DefaultMavenResourcesFiltering - skip non existing resourceDirectory D:\Workspace\Virtual_Threads\VirtualThreadsDemo1\src\test\resources
2025-12-10 11:14:01,274 [Worker-29: Building workspace] INFO  o.a.m.s.f.DefaultMavenResourcesFiltering - Copying 1 resource from src\main\resources to target\classes
2025-12-10 11:14:01,298 [Worker-29: Building workspace] INFO  o.a.m.s.f.DefaultMavenResourcesFiltering - Copying 0 resource from src\main\resources to target\classes
2025-12-10 11:14:01,305 [Worker-29: Building workspace] INFO  o.a.m.s.f.DefaultMavenResourcesFiltering - skip non existing resourceDirectory D:\Workspace\Virtual_Threads\VirtualThreadsDemo1\src\test\resources
2025-12-10 11:14:35,239 [Worker-33: Building workspace] INFO  o.a.m.s.f.DefaultMavenResourcesFiltering - Copying 1 resource from src\main\resources to target\classes
2025-12-10 11:14:35,251 [Worker-33: Building workspace] INFO  o.a.m.s.f.DefaultMavenResourcesFiltering - Copying 0 resource from src\main\resources to target\classes
2025-12-10 11:14:35,253 [Worker-33: Building workspace] INFO  o.a.m.s.f.DefaultMavenResourcesFiltering - skip non existing resourceDirectory D:\Workspace\Virtual_Threads\VirtualThreadsDemo1\src\test\resources
2025-12-10 11:16:17,749 [Worker-35: Building workspace] INFO  o.a.m.s.f.DefaultMavenResourcesFiltering - Copying 1 resource from src\main\resources to target\classes
2025-12-10 11:16:17,763 [Worker-35: Building workspace] INFO  o.a.m.s.f.DefaultMavenResourcesFiltering - Copying 0 resource from src\main\resources to target\classes
2025-12-10 11:16:17,763 [Worker-35: Building workspace] INFO  o.a.m.s.f.DefaultMavenResourcesFiltering - skip non existing resourceDirectory D:\Workspace\Virtual_Threads\VirtualThreadsDemo1\src\test\resources
2025-12-10 11:16:43,628 [Worker-34: Building workspace] INFO  o.a.m.s.f.DefaultMavenResourcesFiltering - Copying 1 resource from src\main\resources to target\classes
2025-12-10 11:16:43,628 [Worker-34: Building workspace] INFO  o.a.m.s.f.DefaultMavenResourcesFiltering - Copying 0 resource from src\main\resources to target\classes
2025-12-10 11:16:43,628 [Worker-34: Building workspace] INFO  o.a.m.s.f.DefaultMavenResourcesFiltering - skip non existing resourceDirectory D:\Workspace\Virtual_Threads\VirtualThreadsDemo1\src\test\resources
2025-12-10 11:17:52,217 [Worker-36: Building workspace] INFO  o.a.m.s.f.DefaultMavenResourcesFiltering - Copying 1 resource from src\main\resources to target\classes
2025-12-10 11:17:52,245 [Worker-36: Building workspace] INFO  o.a.m.s.f.DefaultMavenResourcesFiltering - Copying 0 resource from src\main\resources to target\classes
2025-12-10 11:17:52,247 [Worker-36: Building workspace] INFO  o.a.m.s.f.DefaultMavenResourcesFiltering - skip non existing resourceDirectory D:\Workspace\Virtual_Threads\VirtualThreadsDemo1\src\test\resources
2025-12-10 11:17:54,701 [Worker-28: Building workspace] INFO  o.a.m.s.f.DefaultMavenResourcesFiltering - Copying 1 resource from src\main\resources to target\classes
2025-12-10 11:17:54,707 [Worker-28: Building workspace] INFO  o.a.m.s.f.DefaultMavenResourcesFiltering - Copying 0 resource from src\main\resources to target\classes
2025-12-10 11:17:54,707 [Worker-28: Building workspace] INFO  o.a.m.s.f.DefaultMavenResourcesFiltering - skip non existing resourceDirectory D:\Workspace\Virtual_Threads\VirtualThreadsDemo1\src\test\resources
2025-12-10 11:18:21,433 [Worker-36: Building workspace] INFO  o.a.m.s.f.DefaultMavenResourcesFiltering - Copying 1 resource from src\main\resources to target\classes
2025-12-10 11:18:21,445 [Worker-36: Building workspace] INFO  o.a.m.s.f.DefaultMavenResourcesFiltering - Copying 0 resource from src\main\resources to target\classes
2025-12-10 11:18:21,446 [Worker-36: Building workspace] INFO  o.a.m.s.f.DefaultMavenResourcesFiltering - skip non existing resourceDirectory D:\Workspace\Virtual_Threads\VirtualThreadsDemo1\src\test\resources
2025-12-10 11:18:22,514 [Worker-34: Building workspace] INFO  o.a.m.s.f.DefaultMavenResourcesFiltering - Copying 1 resource from src\main\resources to target\classes
2025-12-10 11:18:22,521 [Worker-34: Building workspace] INFO  o.a.m.s.f.DefaultMavenResourcesFiltering - Copying 0 resource from src\main\resources to target\classes
2025-12-10 11:18:22,521 [Worker-34: Building workspace] INFO  o.a.m.s.f.DefaultMavenResourcesFiltering - skip non existing resourceDirectory D:\Workspace\Virtual_Threads\VirtualThreadsDemo1\src\test\resources
2025-12-10 11:19:09,428 [Worker-36: Building workspace] INFO  o.a.m.s.f.DefaultMavenResourcesFiltering - Copying 1 resource from src\main\resources to target\classes
2025-12-10 11:19:09,428 [Worker-36: Building workspace] INFO  o.a.m.s.f.DefaultMavenResourcesFiltering - Copying 0 resource from src\main\resources to target\classes
2025-12-10 11:19:09,428 [Worker-36: Building workspace] INFO  o.a.m.s.f.DefaultMavenResourcesFiltering - skip non existing resourceDirectory D:\Workspace\Virtual_Threads\VirtualThreadsDemo1\src\test\resources
2025-12-10 11:19:24,620 [Worker-35: Building workspace] INFO  o.a.m.s.f.DefaultMavenResourcesFiltering - Copying 1 resource from src\main\resources to target\classes
2025-12-10 11:19:24,626 [Worker-35: Building workspace] INFO  o.a.m.s.f.DefaultMavenResourcesFiltering - Copying 0 resource from src\main\resources to target\classes
2025-12-10 11:19:24,626 [Worker-35: Building workspace] INFO  o.a.m.s.f.DefaultMavenResourcesFiltering - skip non existing resourceDirectory D:\Workspace\Virtual_Threads\VirtualThreadsDemo1\src\test\resources
2025-12-10 11:21:08,882 [Worker-34: Building workspace] INFO  o.a.m.s.f.DefaultMavenResourcesFiltering - Copying 1 resource from src\main\resources to target\classes
2025-12-10 11:21:08,886 [Worker-34: Building workspace] INFO  o.a.m.s.f.DefaultMavenResourcesFiltering - Copying 0 resource from src\main\resources to target\classes
2025-12-10 11:21:08,887 [Worker-34: Building workspace] INFO  o.a.m.s.f.DefaultMavenResourcesFiltering - skip non existing resourceDirectory D:\Workspace\Virtual_Threads\VirtualThreadsDemo1\src\test\resources
2025-12-10 11:21:36,951 [Worker-29: Building workspace] INFO  o.a.m.s.f.DefaultMavenResourcesFiltering - Copying 1 resource from src\main\resources to target\classes
2025-12-10 11:21:36,977 [Worker-29: Building workspace] INFO  o.a.m.s.f.DefaultMavenResourcesFiltering - Copying 0 resource from src\main\resources to target\classes
2025-12-10 11:21:36,979 [Worker-29: Building workspace] INFO  o.a.m.s.f.DefaultMavenResourcesFiltering - skip non existing resourceDirectory D:\Workspace\Virtual_Threads\VirtualThreadsDemo1\src\test\resources
2025-12-10 11:22:46,643 [Worker-28: Building workspace] INFO  o.a.m.s.f.DefaultMavenResourcesFiltering - Copying 1 resource from src\main\resources to target\classes
2025-12-10 11:22:46,651 [Worker-28: Building workspace] INFO  o.a.m.s.f.DefaultMavenResourcesFiltering - Copying 0 resource from src\main\resources to target\classes
2025-12-10 11:22:46,651 [Worker-28: Building workspace] INFO  o.a.m.s.f.DefaultMavenResourcesFiltering - skip non existing resourceDirectory D:\Workspace\Virtual_Threads\VirtualThreadsDemo1\src\test\resources
2025-12-10 11:24:16,380 [Worker-37: Building workspace] INFO  o.a.m.s.f.DefaultMavenResourcesFiltering - Copying 1 resource from src\main\resources to target\classes
2025-12-10 11:24:16,395 [Worker-37: Building workspace] INFO  o.a.m.s.f.DefaultMavenResourcesFiltering - Copying 0 resource from src\main\resources to target\classes
2025-12-10 11:24:16,395 [Worker-37: Building workspace] INFO  o.a.m.s.f.DefaultMavenResourcesFiltering - skip non existing resourceDirectory D:\Workspace\Virtual_Threads\VirtualThreadsDemo1\src\test\resources
2025-12-10 11:24:38,509 [Worker-28: Building workspace] INFO  o.a.m.s.f.DefaultMavenResourcesFiltering - Copying 1 resource from src\main\resources to target\classes
2025-12-10 11:24:38,545 [Worker-28: Building workspace] INFO  o.a.m.s.f.DefaultMavenResourcesFiltering - Copying 0 resource from src\main\resources to target\classes
2025-12-10 11:24:38,547 [Worker-28: Building workspace] INFO  o.a.m.s.f.DefaultMavenResourcesFiltering - skip non existing resourceDirectory D:\Workspace\Virtual_Threads\VirtualThreadsDemo1\src\test\resources
2025-12-10 11:25:46,839 [Worker-33: Building workspace] INFO  o.a.m.s.f.DefaultMavenResourcesFiltering - Copying 1 resource from src\main\resources to target\classes
2025-12-10 11:25:46,857 [Worker-33: Building workspace] INFO  o.a.m.s.f.DefaultMavenResourcesFiltering - Copying 0 resource from src\main\resources to target\classes
2025-12-10 11:25:46,857 [Worker-33: Building workspace] INFO  o.a.m.s.f.DefaultMavenResourcesFiltering - skip non existing resourceDirectory D:\Workspace\Virtual_Threads\VirtualThreadsDemo1\src\test\resources
2025-12-10 11:26:01,729 [Worker-34: Building workspace] INFO  o.a.m.s.f.DefaultMavenResourcesFiltering - Copying 1 resource from src\main\resources to target\classes
2025-12-10 11:26:01,729 [Worker-34: Building workspace] INFO  o.a.m.s.f.DefaultMavenResourcesFiltering - Copying 0 resource from src\main\resources to target\classes
2025-12-10 11:26:01,729 [Worker-34: Building workspace] INFO  o.a.m.s.f.DefaultMavenResourcesFiltering - skip non existing resourceDirectory D:\Workspace\Virtual_Threads\VirtualThreadsDemo1\src\test\resources
2025-12-10 11:26:23,023 [Worker-34: Building workspace] INFO  o.a.m.s.f.DefaultMavenResourcesFiltering - Copying 1 resource from src\main\resources to target\classes
2025-12-10 11:26:23,027 [Worker-34: Building workspace] INFO  o.a.m.s.f.DefaultMavenResourcesFiltering - Copying 0 resource from src\main\resources to target\classes
2025-12-10 11:26:23,027 [Worker-34: Building workspace] INFO  o.a.m.s.f.DefaultMavenResourcesFiltering - skip non existing resourceDirectory D:\Workspace\Virtual_Threads\VirtualThreadsDemo1\src\test\resources
2025-12-10 11:26:40,921 [Worker-34: Building workspace] INFO  o.a.m.s.f.DefaultMavenResourcesFiltering - Copying 1 resource from src\main\resources to target\classes
2025-12-10 11:26:40,927 [Worker-34: Building workspace] INFO  o.a.m.s.f.DefaultMavenResourcesFiltering - Copying 0 resource from src\main\resources to target\classes
2025-12-10 11:26:40,927 [Worker-34: Building workspace] INFO  o.a.m.s.f.DefaultMavenResourcesFiltering - skip non existing resourceDirectory D:\Workspace\Virtual_Threads\VirtualThreadsDemo1\src\test\resources
2025-12-10 11:27:00,813 [Worker-38: Building workspace] INFO  o.a.m.s.f.DefaultMavenResourcesFiltering - Copying 1 resource from src\main\resources to target\classes
2025-12-10 11:27:00,840 [Worker-38: Building workspace] INFO  o.a.m.s.f.DefaultMavenResourcesFiltering - Copying 0 resource from src\main\resources to target\classes
2025-12-10 11:27:00,843 [Worker-38: Building workspace] INFO  o.a.m.s.f.DefaultMavenResourcesFiltering - skip non existing resourceDirectory D:\Workspace\Virtual_Threads\VirtualThreadsDemo1\src\test\resources
2025-12-10 11:27:34,958 [Worker-28: Building workspace] INFO  o.a.m.s.f.DefaultMavenResourcesFiltering - Copying 1 resource from src\main\resources to target\classes
2025-12-10 11:27:34,964 [Worker-28: Building workspace] INFO  o.a.m.s.f.DefaultMavenResourcesFiltering - Copying 0 resource from src\main\resources to target\classes
2025-12-10 11:27:34,964 [Worker-28: Building workspace] INFO  o.a.m.s.f.DefaultMavenResourcesFiltering - skip non existing resourceDirectory D:\Workspace\Virtual_Threads\VirtualThreadsDemo1\src\test\resources
2025-12-10 11:27:38,665 [Worker-38: Building workspace] INFO  o.a.m.s.f.DefaultMavenResourcesFiltering - Copying 1 resource from src\main\resources to target\classes
2025-12-10 11:27:38,665 [Worker-38: Building workspace] INFO  o.a.m.s.f.DefaultMavenResourcesFiltering - Copying 0 resource from src\main\resources to target\classes
2025-12-10 11:27:38,665 [Worker-38: Building workspace] INFO  o.a.m.s.f.DefaultMavenResourcesFiltering - skip non existing resourceDirectory D:\Workspace\Virtual_Threads\VirtualThreadsDemo1\src\test\resources
2025-12-10 11:27:55,414 [Worker-33: Building workspace] INFO  o.a.m.s.f.DefaultMavenResourcesFiltering - Copying 1 resource from src\main\resources to target\classes
2025-12-10 11:27:55,418 [Worker-33: Building workspace] INFO  o.a.m.s.f.DefaultMavenResourcesFiltering - Copying 0 resource from src\main\resources to target\classes
2025-12-10 11:27:55,419 [Worker-33: Building workspace] INFO  o.a.m.s.f.DefaultMavenResourcesFiltering - skip non existing resourceDirectory D:\Workspace\Virtual_Threads\VirtualThreadsDemo1\src\test\resources
2025-12-10 11:28:46,906 [Worker-35: Building workspace] INFO  o.a.m.s.f.DefaultMavenResourcesFiltering - Copying 1 resource from src\main\resources to target\classes
2025-12-10 11:28:46,912 [Worker-35: Building workspace] INFO  o.a.m.s.f.DefaultMavenResourcesFiltering - Copying 0 resource from src\main\resources to target\classes
2025-12-10 11:28:46,912 [Worker-35: Building workspace] INFO  o.a.m.s.f.DefaultMavenResourcesFiltering - skip non existing resourceDirectory D:\Workspace\Virtual_Threads\VirtualThreadsDemo1\src\test\resources
2025-12-10 11:29:09,663 [Worker-34: Building workspace] INFO  o.a.m.s.f.DefaultMavenResourcesFiltering - Copying 1 resource from src\main\resources to target\classes
2025-12-10 11:29:09,696 [Worker-34: Building workspace] INFO  o.a.m.s.f.DefaultMavenResourcesFiltering - Copying 0 resource from src\main\resources to target\classes
2025-12-10 11:29:09,699 [Worker-34: Building workspace] INFO  o.a.m.s.f.DefaultMavenResourcesFiltering - skip non existing resourceDirectory D:\Workspace\Virtual_Threads\VirtualThreadsDemo1\src\test\resources
2025-12-10 11:29:19,911 [Worker-38: Building workspace] INFO  o.a.m.s.f.DefaultMavenResourcesFiltering - Copying 1 resource from src\main\resources to target\classes
2025-12-10 11:29:19,915 [Worker-38: Building workspace] INFO  o.a.m.s.f.DefaultMavenResourcesFiltering - Copying 0 resource from src\main\resources to target\classes
2025-12-10 11:29:19,915 [Worker-38: Building workspace] INFO  o.a.m.s.f.DefaultMavenResourcesFiltering - skip non existing resourceDirectory D:\Workspace\Virtual_Threads\VirtualThreadsDemo1\src\test\resources
2025-12-10 11:30:49,794 [Worker-29: Building workspace] INFO  o.a.m.s.f.DefaultMavenResourcesFiltering - Copying 1 resource from src\main\resources to target\classes
2025-12-10 11:30:49,794 [Worker-29: Building workspace] INFO  o.a.m.s.f.DefaultMavenResourcesFiltering - Copying 0 resource from src\main\resources to target\classes
2025-12-10 11:30:49,794 [Worker-29: Building workspace] INFO  o.a.m.s.f.DefaultMavenResourcesFiltering - skip non existing resourceDirectory D:\Workspace\Virtual_Threads\VirtualThreadsDemo1\src\test\resources
2025-12-10 11:31:16,155 [Worker-37: Building workspace] INFO  o.a.m.s.f.DefaultMavenResourcesFiltering - Copying 1 resource from src\main\resources to target\classes
2025-12-10 11:31:16,155 [Worker-37: Building workspace] INFO  o.a.m.s.f.DefaultMavenResourcesFiltering - Copying 0 resource from src\main\resources to target\classes
2025-12-10 11:31:16,163 [Worker-37: Building workspace] INFO  o.a.m.s.f.DefaultMavenResourcesFiltering - skip non existing resourceDirectory D:\Workspace\Virtual_Threads\VirtualThreadsDemo1\src\test\resources
2025-12-10 11:31:25,783 [Worker-28: Building workspace] INFO  o.a.m.s.f.DefaultMavenResourcesFiltering - Copying 1 resource from src\main\resources to target\classes
2025-12-10 11:31:25,807 [Worker-28: Building workspace] INFO  o.a.m.s.f.DefaultMavenResourcesFiltering - Copying 0 resource from src\main\resources to target\classes
2025-12-10 11:31:25,811 [Worker-28: Building workspace] INFO  o.a.m.s.f.DefaultMavenResourcesFiltering - skip non existing resourceDirectory D:\Workspace\Virtual_Threads\VirtualThreadsDemo1\src\test\resources
2025-12-10 11:32:20,857 [Worker-33: Building workspace] INFO  o.a.m.s.f.DefaultMavenResourcesFiltering - Copying 1 resource from src\main\resources to target\classes
2025-12-10 11:32:20,861 [Worker-33: Building workspace] INFO  o.a.m.s.f.DefaultMavenResourcesFiltering - Copying 0 resource from src\main\resources to target\classes
2025-12-10 11:32:20,861 [Worker-33: Building workspace] INFO  o.a.m.s.f.DefaultMavenResourcesFiltering - skip non existing resourceDirectory D:\Workspace\Virtual_Threads\VirtualThreadsDemo1\src\test\resources
2025-12-10 11:32:40,059 [Worker-29: Building workspace] INFO  o.a.m.s.f.DefaultMavenResourcesFiltering - Copying 1 resource from src\main\resources to target\classes
2025-12-10 11:32:40,064 [Worker-29: Building workspace] INFO  o.a.m.s.f.DefaultMavenResourcesFiltering - Copying 0 resource from src\main\resources to target\classes
2025-12-10 11:32:40,064 [Worker-29: Building workspace] INFO  o.a.m.s.f.DefaultMavenResourcesFiltering - skip non existing resourceDirectory D:\Workspace\Virtual_Threads\VirtualThreadsDemo1\src\test\resources
2025-12-10 11:32:59,474 [Worker-39: Building workspace] INFO  o.a.m.s.f.DefaultMavenResourcesFiltering - Copying 1 resource from src\main\resources to target\classes
2025-12-10 11:32:59,477 [Worker-39: Building workspace] INFO  o.a.m.s.f.DefaultMavenResourcesFiltering - Copying 0 resource from src\main\resources to target\classes
2025-12-10 11:32:59,479 [Worker-39: Building workspace] INFO  o.a.m.s.f.DefaultMavenResourcesFiltering - skip non existing resourceDirectory D:\Workspace\Virtual_Threads\VirtualThreadsDemo1\src\test\resources
2025-12-10 11:37:39,189 [Worker-37: Building workspace] INFO  o.a.m.s.f.DefaultMavenResourcesFiltering - Copying 1 resource from src\main\resources to target\classes
2025-12-10 11:37:39,249 [Worker-37: Building workspace] INFO  o.a.m.s.f.DefaultMavenResourcesFiltering - Copying 0 resource from src\main\resources to target\classes
2025-12-10 11:37:39,251 [Worker-37: Building workspace] INFO  o.a.m.s.f.DefaultMavenResourcesFiltering - skip non existing resourceDirectory D:\Workspace\Virtual_Threads\VirtualThreadsDemo1\src\test\resources
2025-12-10 11:37:51,558 [Worker-47: Building workspace] INFO  o.a.m.s.f.DefaultMavenResourcesFiltering - Copying 1 resource from src\main\resources to target\classes
2025-12-10 11:37:51,569 [Worker-47: Building workspace] INFO  o.a.m.s.f.DefaultMavenResourcesFiltering - Copying 0 resource from src\main\resources to target\classes
2025-12-10 11:37:51,569 [Worker-47: Building workspace] INFO  o.a.m.s.f.DefaultMavenResourcesFiltering - skip non existing resourceDirectory D:\Workspace\Virtual_Threads\VirtualThreadsDemo1\src\test\resources
2025-12-10 11:37:54,652 [Worker-48: Building workspace] INFO  o.a.m.s.f.DefaultMavenResourcesFiltering - Copying 1 resource from src\main\resources to target\classes
2025-12-10 11:37:54,662 [Worker-48: Building workspace] INFO  o.a.m.s.f.DefaultMavenResourcesFiltering - Copying 0 resource from src\main\resources to target\classes
2025-12-10 11:37:54,662 [Worker-48: Building workspace] INFO  o.a.m.s.f.DefaultMavenResourcesFiltering - skip non existing resourceDirectory D:\Workspace\Virtual_Threads\VirtualThreadsDemo1\src\test\resources
2025-12-10 11:38:00,790 [Worker-42: Building workspace] INFO  o.a.m.s.f.DefaultMavenResourcesFiltering - Copying 1 resource from src\main\resources to target\classes
2025-12-10 11:38:00,796 [Worker-42: Building workspace] INFO  o.a.m.s.f.DefaultMavenResourcesFiltering - Copying 0 resource from src\main\resources to target\classes
2025-12-10 11:38:00,798 [Worker-42: Building workspace] INFO  o.a.m.s.f.DefaultMavenResourcesFiltering - skip non existing resourceDirectory D:\Workspace\Virtual_Threads\VirtualThreadsDemo1\src\test\resources
2025-12-10 12:03:44,906 [Worker-55: Building workspace] INFO  o.a.m.s.f.DefaultMavenResourcesFiltering - Copying 1 resource from src\main\resources to target\classes
2025-12-10 12:03:44,938 [Worker-55: Building workspace] INFO  o.a.m.s.f.DefaultMavenResourcesFiltering - Copying 0 resource from src\main\resources to target\classes
2025-12-10 12:03:44,938 [Worker-55: Building workspace] INFO  o.a.m.s.f.DefaultMavenResourcesFiltering - skip non existing resourceDirectory D:\Workspace\Virtual_Threads\VirtualThreadsDemo1\src\test\resources
2025-12-10 12:03:54,603 [Worker-52: Building workspace] INFO  o.a.m.s.f.DefaultMavenResourcesFiltering - Copying 1 resource from src\main\resources to target\classes
2025-12-10 12:03:54,618 [Worker-52: Building workspace] INFO  o.a.m.s.f.DefaultMavenResourcesFiltering - Copying 0 resource from src\main\resources to target\classes
2025-12-10 12:03:54,618 [Worker-52: Building workspace] INFO  o.a.m.s.f.DefaultMavenResourcesFiltering - skip non existing resourceDirectory D:\Workspace\Virtual_Threads\VirtualThreadsDemo1\src\test\resources
2025-12-10 12:03:55,647 [Worker-57: Building workspace] INFO  o.a.m.s.f.DefaultMavenResourcesFiltering - Copying 1 resource from src\main\resources to target\classes
2025-12-10 12:03:55,647 [Worker-57: Building workspace] INFO  o.a.m.s.f.DefaultMavenResourcesFiltering - Copying 0 resource from src\main\resources to target\classes
2025-12-10 12:03:55,647 [Worker-57: Building workspace] INFO  o.a.m.s.f.DefaultMavenResourcesFiltering - skip non existing resourceDirectory D:\Workspace\Virtual_Threads\VirtualThreadsDemo1\src\test\resources
2025-12-10 12:05:35,453 [Worker-52: Building workspace] INFO  o.a.m.s.f.DefaultMavenResourcesFiltering - Copying 1 resource from src\main\resources to target\classes
2025-12-10 12:05:35,506 [Worker-52: Building workspace] INFO  o.a.m.s.f.DefaultMavenResourcesFiltering - Copying 0 resource from src\main\resources to target\classes
2025-12-10 12:05:35,506 [Worker-52: Building workspace] INFO  o.a.m.s.f.DefaultMavenResourcesFiltering - skip non existing resourceDirectory D:\Workspace\Virtual_Threads\VirtualThreadsDemo1\src\test\resources
2025-12-10 12:05:45,450 [Worker-57: Building workspace] INFO  o.a.m.s.f.DefaultMavenResourcesFiltering - Copying 1 resource from src\main\resources to target\classes
2025-12-10 12:05:45,450 [Worker-57: Building workspace] INFO  o.a.m.s.f.DefaultMavenResourcesFiltering - Copying 0 resource from src\main\resources to target\classes
2025-12-10 12:05:45,450 [Worker-57: Building workspace] INFO  o.a.m.s.f.DefaultMavenResourcesFiltering - skip non existing resourceDirectory D:\Workspace\Virtual_Threads\VirtualThreadsDemo1\src\test\resources
2025-12-10 12:06:27,767 [Worker-53: Building workspace] INFO  o.a.m.s.f.DefaultMavenResourcesFiltering - Copying 1 resource from src\main\resources to target\classes
2025-12-10 12:06:27,767 [Worker-53: Building workspace] INFO  o.a.m.s.f.DefaultMavenResourcesFiltering - Copying 0 resource from src\main\resources to target\classes
2025-12-10 12:06:27,767 [Worker-53: Building workspace] INFO  o.a.m.s.f.DefaultMavenResourcesFiltering - skip non existing resourceDirectory D:\Workspace\Virtual_Threads\VirtualThreadsDemo1\src\test\resources
2025-12-10 12:06:35,982 [Worker-57: Building workspace] INFO  o.a.m.s.f.DefaultMavenResourcesFiltering - Copying 1 resource from src\main\resources to target\classes
2025-12-10 12:06:35,982 [Worker-57: Building workspace] INFO  o.a.m.s.f.DefaultMavenResourcesFiltering - Copying 0 resource from src\main\resources to target\classes
2025-12-10 12:06:35,982 [Worker-57: Building workspace] INFO  o.a.m.s.f.DefaultMavenResourcesFiltering - skip non existing resourceDirectory D:\Workspace\Virtual_Threads\VirtualThreadsDemo1\src\test\resources
2025-12-10 12:07:45,744 [Worker-54: Building workspace] INFO  o.a.m.s.f.DefaultMavenResourcesFiltering - Copying 1 resource from src\main\resources to target\classes
2025-12-10 12:07:45,760 [Worker-54: Building workspace] INFO  o.a.m.s.f.DefaultMavenResourcesFiltering - Copying 0 resource from src\main\resources to target\classes
2025-12-10 12:07:45,760 [Worker-54: Building workspace] INFO  o.a.m.s.f.DefaultMavenResourcesFiltering - skip non existing resourceDirectory D:\Workspace\Virtual_Threads\VirtualThreadsDemo1\src\test\resources
2025-12-10 12:08:17,147 [Worker-55: Building workspace] INFO  o.a.m.s.f.DefaultMavenResourcesFiltering - Copying 1 resource from src\main\resources to target\classes
2025-12-10 12:08:17,163 [Worker-55: Building workspace] INFO  o.a.m.s.f.DefaultMavenResourcesFiltering - Copying 0 resource from src\main\resources to target\classes
2025-12-10 12:08:17,163 [Worker-55: Building workspace] INFO  o.a.m.s.f.DefaultMavenResourcesFiltering - skip non existing resourceDirectory D:\Workspace\Virtual_Threads\VirtualThreadsDemo1\src\test\resources
2025-12-10 12:08:19,746 [Worker-53: Building workspace] INFO  o.a.m.s.f.DefaultMavenResourcesFiltering - Copying 1 resource from src\main\resources to target\classes
2025-12-10 12:08:19,746 [Worker-53: Building workspace] INFO  o.a.m.s.f.DefaultMavenResourcesFiltering - Copying 0 resource from src\main\resources to target\classes
2025-12-10 12:08:19,746 [Worker-53: Building workspace] INFO  o.a.m.s.f.DefaultMavenResourcesFiltering - skip non existing resourceDirectory D:\Workspace\Virtual_Threads\VirtualThreadsDemo1\src\test\resources
2025-12-10 12:08:27,081 [Worker-54: Building workspace] INFO  o.a.m.s.f.DefaultMavenResourcesFiltering - Copying 1 resource from src\main\resources to target\classes
2025-12-10 12:08:27,113 [Worker-54: Building workspace] INFO  o.a.m.s.f.DefaultMavenResourcesFiltering - Copying 0 resource from src\main\resources to target\classes
2025-12-10 12:08:27,113 [Worker-54: Building workspace] INFO  o.a.m.s.f.DefaultMavenResourcesFiltering - skip non existing resourceDirectory D:\Workspace\Virtual_Threads\VirtualThreadsDemo1\src\test\resources
2025-12-10 12:10:17,033 [Worker-55: Building workspace] INFO  o.a.m.s.f.DefaultMavenResourcesFiltering - Copying 1 resource from src\main\resources to target\classes
2025-12-10 12:10:17,049 [Worker-55: Building workspace] INFO  o.a.m.s.f.DefaultMavenResourcesFiltering - Copying 0 resource from src\main\resources to target\classes
2025-12-10 12:10:17,049 [Worker-55: Building workspace] INFO  o.a.m.s.f.DefaultMavenResourcesFiltering - skip non existing resourceDirectory D:\Workspace\Virtual_Threads\VirtualThreadsDemo1\src\test\resources
2025-12-10 12:11:30,152 [Worker-61: Building workspace] INFO  o.a.m.s.f.DefaultMavenResourcesFiltering - Copying 1 resource from src\main\resources to target\classes
2025-12-10 12:11:30,163 [Worker-61: Building workspace] INFO  o.a.m.s.f.DefaultMavenResourcesFiltering - Copying 0 resource from src\main\resources to target\classes
2025-12-10 12:11:30,163 [Worker-61: Building workspace] INFO  o.a.m.s.f.DefaultMavenResourcesFiltering - skip non existing resourceDirectory D:\Workspace\Virtual_Threads\VirtualThreadsDemo1\src\test\resources
2025-12-10 12:17:05,975 [Worker-64: Building workspace] INFO  o.a.m.s.f.DefaultMavenResourcesFiltering - Copying 1 resource from src\main\resources to target\classes
2025-12-10 12:17:05,981 [Worker-64: Building workspace] INFO  o.a.m.s.f.DefaultMavenResourcesFiltering - Copying 0 resource from src\main\resources to target\classes
2025-12-10 12:17:05,981 [Worker-64: Building workspace] INFO  o.a.m.s.f.DefaultMavenResourcesFiltering - skip non existing resourceDirectory D:\Workspace\Virtual_Threads\VirtualThreadsDemo1\src\test\resources
2025-12-10 12:17:09,959 [Worker-60: Building workspace] INFO  o.a.m.s.f.DefaultMavenResourcesFiltering - Copying 1 resource from src\main\resources to target\classes
2025-12-10 12:17:09,973 [Worker-60: Building workspace] INFO  o.a.m.s.f.DefaultMavenResourcesFiltering - Copying 0 resource from src\main\resources to target\classes
2025-12-10 12:17:09,975 [Worker-60: Building workspace] INFO  o.a.m.s.f.DefaultMavenResourcesFiltering - skip non existing resourceDirectory D:\Workspace\Virtual_Threads\VirtualThreadsDemo1\src\test\resources
2025-12-10 12:35:33,818 [Worker-71: Building workspace] INFO  o.a.m.s.f.DefaultMavenResourcesFiltering - Copying 1 resource from src\main\resources to target\classes
2025-12-10 12:35:33,826 [Worker-71: Building workspace] INFO  o.a.m.s.f.DefaultMavenResourcesFiltering - Copying 0 resource from src\main\resources to target\classes
2025-12-10 12:35:33,828 [Worker-71: Building workspace] INFO  o.a.m.s.f.DefaultMavenResourcesFiltering - skip non existing resourceDirectory D:\Workspace\Virtual_Threads\VirtualThreadsDemo1\src\test\resources
2025-12-10 12:36:08,870 [Worker-70: Building workspace] INFO  o.a.m.s.f.DefaultMavenResourcesFiltering - Copying 1 resource from src\main\resources to target\classes
2025-12-10 12:36:08,880 [Worker-70: Building workspace] INFO  o.a.m.s.f.DefaultMavenResourcesFiltering - Copying 0 resource from src\main\resources to target\classes
2025-12-10 12:36:08,883 [Worker-70: Building workspace] INFO  o.a.m.s.f.DefaultMavenResourcesFiltering - skip non existing resourceDirectory D:\Workspace\Virtual_Threads\VirtualThreadsDemo1\src\test\resources
2025-12-10 12:36:21,627 [Worker-73: Building workspace] INFO  o.a.m.s.f.DefaultMavenResourcesFiltering - Copying 1 resource from src\main\resources to target\classes
2025-12-10 12:36:21,627 [Worker-73: Building workspace] INFO  o.a.m.s.f.DefaultMavenResourcesFiltering - Copying 0 resource from src\main\resources to target\classes
2025-12-10 12:36:21,627 [Worker-73: Building workspace] INFO  o.a.m.s.f.DefaultMavenResourcesFiltering - skip non existing resourceDirectory D:\Workspace\Virtual_Threads\VirtualThreadsDemo1\src\test\resources
2025-12-10 12:37:52,234 [Worker-74: Building workspace] INFO  o.a.m.s.f.DefaultMavenResourcesFiltering - Copying 1 resource from src\main\resources to target\classes
2025-12-10 12:37:52,240 [Worker-74: Building workspace] INFO  o.a.m.s.f.DefaultMavenResourcesFiltering - Copying 0 resource from src\main\resources to target\classes
2025-12-10 12:37:52,242 [Worker-74: Building workspace] INFO  o.a.m.s.f.DefaultMavenResourcesFiltering - skip non existing resourceDirectory D:\Workspace\Virtual_Threads\VirtualThreadsDemo1\src\test\resources
2025-12-10 15:34:02,462 [Worker-106: Building workspace] INFO  o.a.m.s.f.DefaultMavenResourcesFiltering - Copying 1 resource from src\main\resources to target\classes
2025-12-10 15:34:02,478 [Worker-106: Building workspace] INFO  o.a.m.s.f.DefaultMavenResourcesFiltering - Copying 0 resource from src\main\resources to target\classes
2025-12-10 15:34:02,478 [Worker-106: Building workspace] INFO  o.a.m.s.f.DefaultMavenResourcesFiltering - skip non existing resourceDirectory D:\Workspace\Virtual_Threads\Thread_Per_Request1\src\test\resources
2025-12-10 15:34:09,475 [Worker-108: Building workspace] INFO  o.a.m.s.f.DefaultMavenResourcesFiltering - Copying 1 resource from src\main\resources to target\classes
2025-12-10 15:34:09,483 [Worker-108: Building workspace] INFO  o.a.m.s.f.DefaultMavenResourcesFiltering - Copying 0 resource from src\main\resources to target\classes
2025-12-10 15:34:09,483 [Worker-108: Building workspace] INFO  o.a.m.s.f.DefaultMavenResourcesFiltering - skip non existing resourceDirectory D:\Workspace\Virtual_Threads\Thread_Per_Request1\src\test\resources
2025-12-10 15:34:30,445 [Worker-104: Building workspace] INFO  o.a.m.s.f.DefaultMavenResourcesFiltering - Copying 1 resource from src\main\resources to target\classes
2025-12-10 15:34:30,460 [Worker-104: Building workspace] INFO  o.a.m.s.f.DefaultMavenResourcesFiltering - Copying 0 resource from src\main\resources to target\classes
2025-12-10 15:34:30,462 [Worker-104: Building workspace] INFO  o.a.m.s.f.DefaultMavenResourcesFiltering - skip non existing resourceDirectory D:\Workspace\Virtual_Threads\Thread_Per_Request1\src\test\resources
2025-12-10 15:37:06,290 [Worker-102: Building workspace] INFO  o.a.m.s.f.DefaultMavenResourcesFiltering - Copying 1 resource from src\main\resources to target\classes
2025-12-10 15:37:06,341 [Worker-102: Building workspace] INFO  o.a.m.s.f.DefaultMavenResourcesFiltering - Copying 0 resource from src\main\resources to target\classes
2025-12-10 15:37:06,341 [Worker-102: Building workspace] INFO  o.a.m.s.f.DefaultMavenResourcesFiltering - skip non existing resourceDirectory D:\Workspace\Virtual_Threads\Thread_Per_Request1\src\test\resources
2025-12-10 15:37:39,244 [Worker-109: Building workspace] INFO  o.a.m.s.f.DefaultMavenResourcesFiltering - Copying 1 resource from src\main\resources to target\classes
2025-12-10 15:37:39,252 [Worker-109: Building workspace] INFO  o.a.m.s.f.DefaultMavenResourcesFiltering - Copying 0 resource from src\main\resources to target\classes
2025-12-10 15:37:39,257 [Worker-109: Building workspace] INFO  o.a.m.s.f.DefaultMavenResourcesFiltering - skip non existing resourceDirectory D:\Workspace\Virtual_Threads\Thread_Per_Request2\src\test\resources
2025-12-11 07:24:58,217 [Worker-9: Building workspace] INFO  o.a.m.s.f.DefaultMavenResourcesFiltering - Copying 1 resource from src\main\resources to target\classes
2025-12-11 07:24:59,539 [Worker-9: Building workspace] INFO  o.a.m.s.f.DefaultMavenResourcesFiltering - Copying 0 resource from src\main\resources to target\classes
2025-12-11 07:24:59,550 [Worker-9: Building workspace] INFO  o.a.m.s.f.DefaultMavenResourcesFiltering - skip non existing resourceDirectory D:\Workspace\Virtual_Threads\Thread_Per_Request1\src\test\resources
2025-12-11 07:25:30,507 [Worker-9: Building workspace] INFO  o.a.m.s.f.DefaultMavenResourcesFiltering - Copying 1 resource from src\main\resources to target\classes
2025-12-11 07:25:30,555 [Worker-9: Building workspace] INFO  o.a.m.s.f.DefaultMavenResourcesFiltering - Copying 0 resource from src\main\resources to target\classes
2025-12-11 07:25:30,577 [Worker-9: Building workspace] INFO  o.a.m.s.f.DefaultMavenResourcesFiltering - skip non existing resourceDirectory D:\Workspace\Virtual_Threads\Thread_Per_Request2\src\test\resources
2025-12-11 07:25:39,517 [Worker-9: Building workspace] INFO  o.a.m.s.f.DefaultMavenResourcesFiltering - Copying 1 resource from src\main\resources to target\classes
2025-12-11 07:25:39,557 [Worker-9: Building workspace] INFO  o.a.m.s.f.DefaultMavenResourcesFiltering - Copying 0 resource from src\main\resources to target\classes
2025-12-11 07:25:39,561 [Worker-9: Building workspace] INFO  o.a.m.s.f.DefaultMavenResourcesFiltering - skip non existing resourceDirectory D:\Workspace\Virtual_Threads\VirtualThreadsDemo1\src\test\resources
2025-12-11 10:39:52,623 [Worker-2: Loading available Gradle versions] INFO  c.g.t.t.d.PublishedGradleVersions - Gradle version information cache is up-to-date. Trying to read.
2025-12-11 10:39:56,283 [Worker-16: Building workspace] INFO  o.a.m.s.f.DefaultMavenResourcesFiltering - Copying 1 resource from src\main\resources to target\classes
2025-12-11 10:39:56,303 [Worker-16: Building workspace] INFO  o.a.m.s.f.DefaultMavenResourcesFiltering - Copying 0 resource from src\main\resources to target\classes
2025-12-11 10:39:56,305 [Worker-16: Building workspace] INFO  o.a.m.s.f.DefaultMavenResourcesFiltering - skip non existing resourceDirectory D:\Workspace\Virtual_Threads\Thread_Per_Request1\src\test\resources
2025-12-11 10:39:59,099 [Worker-14: Building workspace] WARN  o.e.m.c.i.embedder.EclipseLogger - Failed to build parent project for org.springframework.boot:spring-boot-starter-parent:pom:3.2.2
2025-12-11 10:39:59,115 [Worker-14: Building workspace] WARN  o.e.m.c.i.embedder.EclipseLogger - Failed to build parent project for com.example:Thread_Per_Request2:jar:0.0.1-SNAPSHOT
